name,path,parent,type,size
.git,/Users/antonkonycev/Library/Containers/Mail.Ru.DiskO.as/Data/Disk-O.as.mounts/banderas91@mail.ru-mailru/Geek/HW_Python/python_HW/.git,/Users/antonkonycev/Library/Containers/Mail.Ru.DiskO.as/Data/Disk-O.as.mounts/banderas91@mail.ru-mailru/Geek/HW_Python/python_HW,directory,122144
.vscode,/Users/antonkonycev/Library/Containers/Mail.Ru.DiskO.as/Data/Disk-O.as.mounts/banderas91@mail.ru-mailru/Geek/HW_Python/python_HW/.vscode,/Users/antonkonycev/Library/Containers/Mail.Ru.DiskO.as/Data/Disk-O.as.mounts/banderas91@mail.ru-mailru/Geek/HW_Python/python_HW,directory,62
HW_1,/Users/antonkonycev/Library/Containers/Mail.Ru.DiskO.as/Data/Disk-O.as.mounts/banderas91@mail.ru-mailru/Geek/HW_Python/python_HW/HW_1,/Users/antonkonycev/Library/Containers/Mail.Ru.DiskO.as/Data/Disk-O.as.mounts/banderas91@mail.ru-mailru/Geek/HW_Python/python_HW,directory,3838
HW_2,/Users/antonkonycev/Library/Containers/Mail.Ru.DiskO.as/Data/Disk-O.as.mounts/banderas91@mail.ru-mailru/Geek/HW_Python/python_HW/HW_2,/Users/antonkonycev/Library/Containers/Mail.Ru.DiskO.as/Data/Disk-O.as.mounts/banderas91@mail.ru-mailru/Geek/HW_Python/python_HW,directory,1689
HW_3,/Users/antonkonycev/Library/Containers/Mail.Ru.DiskO.as/Data/Disk-O.as.mounts/banderas91@mail.ru-mailru/Geek/HW_Python/python_HW/HW_3,/Users/antonkonycev/Library/Containers/Mail.Ru.DiskO.as/Data/Disk-O.as.mounts/banderas91@mail.ru-mailru/Geek/HW_Python/python_HW,directory,6152
HW_4,/Users/antonkonycev/Library/Containers/Mail.Ru.DiskO.as/Data/Disk-O.as.mounts/banderas91@mail.ru-mailru/Geek/HW_Python/python_HW/HW_4,/Users/antonkonycev/Library/Containers/Mail.Ru.DiskO.as/Data/Disk-O.as.mounts/banderas91@mail.ru-mailru/Geek/HW_Python/python_HW,directory,4437
HW_5,/Users/antonkonycev/Library/Containers/Mail.Ru.DiskO.as/Data/Disk-O.as.mounts/banderas91@mail.ru-mailru/Geek/HW_Python/python_HW/HW_5,/Users/antonkonycev/Library/Containers/Mail.Ru.DiskO.as/Data/Disk-O.as.mounts/banderas91@mail.ru-mailru/Geek/HW_Python/python_HW,directory,1558
HW_6,/Users/antonkonycev/Library/Containers/Mail.Ru.DiskO.as/Data/Disk-O.as.mounts/banderas91@mail.ru-mailru/Geek/HW_Python/python_HW/HW_6,/Users/antonkonycev/Library/Containers/Mail.Ru.DiskO.as/Data/Disk-O.as.mounts/banderas91@mail.ru-mailru/Geek/HW_Python/python_HW,directory,85809
HW_7,/Users/antonkonycev/Library/Containers/Mail.Ru.DiskO.as/Data/Disk-O.as.mounts/banderas91@mail.ru-mailru/Geek/HW_Python/python_HW/HW_7,/Users/antonkonycev/Library/Containers/Mail.Ru.DiskO.as/Data/Disk-O.as.mounts/banderas91@mail.ru-mailru/Geek/HW_Python/python_HW,directory,7327
HW_8,/Users/antonkonycev/Library/Containers/Mail.Ru.DiskO.as/Data/Disk-O.as.mounts/banderas91@mail.ru-mailru/Geek/HW_Python/python_HW/HW_8,/Users/antonkonycev/Library/Containers/Mail.Ru.DiskO.as/Data/Disk-O.as.mounts/banderas91@mail.ru-mailru/Geek/HW_Python/python_HW,directory,1658
.DS_Store,/Users/antonkonycev/Library/Containers/Mail.Ru.DiskO.as/Data/Disk-O.as.mounts/banderas91@mail.ru-mailru/Geek/HW_Python/python_HW/.DS_Store,/Users/antonkonycev/Library/Containers/Mail.Ru.DiskO.as/Data/Disk-O.as.mounts/banderas91@mail.ru-mailru/Geek/HW_Python/python_HW,file,8196
README.md,/Users/antonkonycev/Library/Containers/Mail.Ru.DiskO.as/Data/Disk-O.as.mounts/banderas91@mail.ru-mailru/Geek/HW_Python/python_HW/README.md,/Users/antonkonycev/Library/Containers/Mail.Ru.DiskO.as/Data/Disk-O.as.mounts/banderas91@mail.ru-mailru/Geek/HW_Python/python_HW,file,11
branches,/Users/antonkonycev/Library/Containers/Mail.Ru.DiskO.as/Data/Disk-O.as.mounts/banderas91@mail.ru-mailru/Geek/HW_Python/python_HW/.git/branches,/Users/antonkonycev/Library/Containers/Mail.Ru.DiskO.as/Data/Disk-O.as.mounts/banderas91@mail.ru-mailru/Geek/HW_Python/python_HW/.git,directory,0
hooks,/Users/antonkonycev/Library/Containers/Mail.Ru.DiskO.as/Data/Disk-O.as.mounts/banderas91@mail.ru-mailru/Geek/HW_Python/python_HW/.git/hooks,/Users/antonkonycev/Library/Containers/Mail.Ru.DiskO.as/Data/Disk-O.as.mounts/banderas91@mail.ru-mailru/Geek/HW_Python/python_HW/.git,directory,23442
info,/Users/antonkonycev/Library/Containers/Mail.Ru.DiskO.as/Data/Disk-O.as.mounts/banderas91@mail.ru-mailru/Geek/HW_Python/python_HW/.git/info,/Users/antonkonycev/Library/Containers/Mail.Ru.DiskO.as/Data/Disk-O.as.mounts/banderas91@mail.ru-mailru/Geek/HW_Python/python_HW/.git,directory,250
logs,/Users/antonkonycev/Library/Containers/Mail.Ru.DiskO.as/Data/Disk-O.as.mounts/banderas91@mail.ru-mailru/Geek/HW_Python/python_HW/.git/logs,/Users/antonkonycev/Library/Containers/Mail.Ru.DiskO.as/Data/Disk-O.as.mounts/banderas91@mail.ru-mailru/Geek/HW_Python/python_HW/.git,directory,11301
objects,/Users/antonkonycev/Library/Containers/Mail.Ru.DiskO.as/Data/Disk-O.as.mounts/banderas91@mail.ru-mailru/Geek/HW_Python/python_HW/.git/objects,/Users/antonkonycev/Library/Containers/Mail.Ru.DiskO.as/Data/Disk-O.as.mounts/banderas91@mail.ru-mailru/Geek/HW_Python/python_HW/.git,directory,82546
refs,/Users/antonkonycev/Library/Containers/Mail.Ru.DiskO.as/Data/Disk-O.as.mounts/banderas91@mail.ru-mailru/Geek/HW_Python/python_HW/.git/refs,/Users/antonkonycev/Library/Containers/Mail.Ru.DiskO.as/Data/Disk-O.as.mounts/banderas91@mail.ru-mailru/Geek/HW_Python/python_HW/.git,directory,768
COMMIT_EDITMSG,/Users/antonkonycev/Library/Containers/Mail.Ru.DiskO.as/Data/Disk-O.as.mounts/banderas91@mail.ru-mailru/Geek/HW_Python/python_HW/.git/COMMIT_EDITMSG,/Users/antonkonycev/Library/Containers/Mail.Ru.DiskO.as/Data/Disk-O.as.mounts/banderas91@mail.ru-mailru/Geek/HW_Python/python_HW/.git,file,5
FETCH_HEAD,/Users/antonkonycev/Library/Containers/Mail.Ru.DiskO.as/Data/Disk-O.as.mounts/banderas91@mail.ru-mailru/Geek/HW_Python/python_HW/.git/FETCH_HEAD,/Users/antonkonycev/Library/Containers/Mail.Ru.DiskO.as/Data/Disk-O.as.mounts/banderas91@mail.ru-mailru/Geek/HW_Python/python_HW/.git,file,99
FETCH_HEAD (MacBook-Pro-Anton.local conflicted copy 2023-06-26 17 22 32),/Users/antonkonycev/Library/Containers/Mail.Ru.DiskO.as/Data/Disk-O.as.mounts/banderas91@mail.ru-mailru/Geek/HW_Python/python_HW/.git/FETCH_HEAD (MacBook-Pro-Anton.local conflicted copy 2023-06-26 17 22 32),/Users/antonkonycev/Library/Containers/Mail.Ru.DiskO.as/Data/Disk-O.as.mounts/banderas91@mail.ru-mailru/Geek/HW_Python/python_HW/.git,file,0
HEAD,/Users/antonkonycev/Library/Containers/Mail.Ru.DiskO.as/Data/Disk-O.as.mounts/banderas91@mail.ru-mailru/Geek/HW_Python/python_HW/.git/HEAD,/Users/antonkonycev/Library/Containers/Mail.Ru.DiskO.as/Data/Disk-O.as.mounts/banderas91@mail.ru-mailru/Geek/HW_Python/python_HW/.git,file,21
ORIG_HEAD,/Users/antonkonycev/Library/Containers/Mail.Ru.DiskO.as/Data/Disk-O.as.mounts/banderas91@mail.ru-mailru/Geek/HW_Python/python_HW/.git/ORIG_HEAD,/Users/antonkonycev/Library/Containers/Mail.Ru.DiskO.as/Data/Disk-O.as.mounts/banderas91@mail.ru-mailru/Geek/HW_Python/python_HW/.git,file,41
config,/Users/antonkonycev/Library/Containers/Mail.Ru.DiskO.as/Data/Disk-O.as.mounts/banderas91@mail.ru-mailru/Geek/HW_Python/python_HW/.git/config,/Users/antonkonycev/Library/Containers/Mail.Ru.DiskO.as/Data/Disk-O.as.mounts/banderas91@mail.ru-mailru/Geek/HW_Python/python_HW/.git,file,1079
description,/Users/antonkonycev/Library/Containers/Mail.Ru.DiskO.as/Data/Disk-O.as.mounts/banderas91@mail.ru-mailru/Geek/HW_Python/python_HW/.git/description,/Users/antonkonycev/Library/Containers/Mail.Ru.DiskO.as/Data/Disk-O.as.mounts/banderas91@mail.ru-mailru/Geek/HW_Python/python_HW/.git,file,73
index,/Users/antonkonycev/Library/Containers/Mail.Ru.DiskO.as/Data/Disk-O.as.mounts/banderas91@mail.ru-mailru/Geek/HW_Python/python_HW/.git/index,/Users/antonkonycev/Library/Containers/Mail.Ru.DiskO.as/Data/Disk-O.as.mounts/banderas91@mail.ru-mailru/Geek/HW_Python/python_HW/.git,file,2341
packed-refs,/Users/antonkonycev/Library/Containers/Mail.Ru.DiskO.as/Data/Disk-O.as.mounts/banderas91@mail.ru-mailru/Geek/HW_Python/python_HW/.git/packed-refs,/Users/antonkonycev/Library/Containers/Mail.Ru.DiskO.as/Data/Disk-O.as.mounts/banderas91@mail.ru-mailru/Geek/HW_Python/python_HW/.git,file,178
applypatch-msg.sample,/Users/antonkonycev/Library/Containers/Mail.Ru.DiskO.as/Data/Disk-O.as.mounts/banderas91@mail.ru-mailru/Geek/HW_Python/python_HW/.git/hooks/applypatch-msg.sample,/Users/antonkonycev/Library/Containers/Mail.Ru.DiskO.as/Data/Disk-O.as.mounts/banderas91@mail.ru-mailru/Geek/HW_Python/python_HW/.git/hooks,file,478
commit-msg.sample,/Users/antonkonycev/Library/Containers/Mail.Ru.DiskO.as/Data/Disk-O.as.mounts/banderas91@mail.ru-mailru/Geek/HW_Python/python_HW/.git/hooks/commit-msg.sample,/Users/antonkonycev/Library/Containers/Mail.Ru.DiskO.as/Data/Disk-O.as.mounts/banderas91@mail.ru-mailru/Geek/HW_Python/python_HW/.git/hooks,file,896
fsmonitor-watchman.sample,/Users/antonkonycev/Library/Containers/Mail.Ru.DiskO.as/Data/Disk-O.as.mounts/banderas91@mail.ru-mailru/Geek/HW_Python/python_HW/.git/hooks/fsmonitor-watchman.sample,/Users/antonkonycev/Library/Containers/Mail.Ru.DiskO.as/Data/Disk-O.as.mounts/banderas91@mail.ru-mailru/Geek/HW_Python/python_HW/.git/hooks,file,4655
post-update.sample,/Users/antonkonycev/Library/Containers/Mail.Ru.DiskO.as/Data/Disk-O.as.mounts/banderas91@mail.ru-mailru/Geek/HW_Python/python_HW/.git/hooks/post-update.sample,/Users/antonkonycev/Library/Containers/Mail.Ru.DiskO.as/Data/Disk-O.as.mounts/banderas91@mail.ru-mailru/Geek/HW_Python/python_HW/.git/hooks,file,189
pre-applypatch.sample,/Users/antonkonycev/Library/Containers/Mail.Ru.DiskO.as/Data/Disk-O.as.mounts/banderas91@mail.ru-mailru/Geek/HW_Python/python_HW/.git/hooks/pre-applypatch.sample,/Users/antonkonycev/Library/Containers/Mail.Ru.DiskO.as/Data/Disk-O.as.mounts/banderas91@mail.ru-mailru/Geek/HW_Python/python_HW/.git/hooks,file,424
pre-commit.sample,/Users/antonkonycev/Library/Containers/Mail.Ru.DiskO.as/Data/Disk-O.as.mounts/banderas91@mail.ru-mailru/Geek/HW_Python/python_HW/.git/hooks/pre-commit.sample,/Users/antonkonycev/Library/Containers/Mail.Ru.DiskO.as/Data/Disk-O.as.mounts/banderas91@mail.ru-mailru/Geek/HW_Python/python_HW/.git/hooks,file,1643
pre-merge-commit.sample,/Users/antonkonycev/Library/Containers/Mail.Ru.DiskO.as/Data/Disk-O.as.mounts/banderas91@mail.ru-mailru/Geek/HW_Python/python_HW/.git/hooks/pre-merge-commit.sample,/Users/antonkonycev/Library/Containers/Mail.Ru.DiskO.as/Data/Disk-O.as.mounts/banderas91@mail.ru-mailru/Geek/HW_Python/python_HW/.git/hooks,file,416
pre-push.sample,/Users/antonkonycev/Library/Containers/Mail.Ru.DiskO.as/Data/Disk-O.as.mounts/banderas91@mail.ru-mailru/Geek/HW_Python/python_HW/.git/hooks/pre-push.sample,/Users/antonkonycev/Library/Containers/Mail.Ru.DiskO.as/Data/Disk-O.as.mounts/banderas91@mail.ru-mailru/Geek/HW_Python/python_HW/.git/hooks,file,1374
pre-rebase.sample,/Users/antonkonycev/Library/Containers/Mail.Ru.DiskO.as/Data/Disk-O.as.mounts/banderas91@mail.ru-mailru/Geek/HW_Python/python_HW/.git/hooks/pre-rebase.sample,/Users/antonkonycev/Library/Containers/Mail.Ru.DiskO.as/Data/Disk-O.as.mounts/banderas91@mail.ru-mailru/Geek/HW_Python/python_HW/.git/hooks,file,4898
pre-receive.sample,/Users/antonkonycev/Library/Containers/Mail.Ru.DiskO.as/Data/Disk-O.as.mounts/banderas91@mail.ru-mailru/Geek/HW_Python/python_HW/.git/hooks/pre-receive.sample,/Users/antonkonycev/Library/Containers/Mail.Ru.DiskO.as/Data/Disk-O.as.mounts/banderas91@mail.ru-mailru/Geek/HW_Python/python_HW/.git/hooks,file,544
prepare-commit-msg.sample,/Users/antonkonycev/Library/Containers/Mail.Ru.DiskO.as/Data/Disk-O.as.mounts/banderas91@mail.ru-mailru/Geek/HW_Python/python_HW/.git/hooks/prepare-commit-msg.sample,/Users/antonkonycev/Library/Containers/Mail.Ru.DiskO.as/Data/Disk-O.as.mounts/banderas91@mail.ru-mailru/Geek/HW_Python/python_HW/.git/hooks,file,1492
push-to-checkout.sample,/Users/antonkonycev/Library/Containers/Mail.Ru.DiskO.as/Data/Disk-O.as.mounts/banderas91@mail.ru-mailru/Geek/HW_Python/python_HW/.git/hooks/push-to-checkout.sample,/Users/antonkonycev/Library/Containers/Mail.Ru.DiskO.as/Data/Disk-O.as.mounts/banderas91@mail.ru-mailru/Geek/HW_Python/python_HW/.git/hooks,file,2783
update.sample,/Users/antonkonycev/Library/Containers/Mail.Ru.DiskO.as/Data/Disk-O.as.mounts/banderas91@mail.ru-mailru/Geek/HW_Python/python_HW/.git/hooks/update.sample,/Users/antonkonycev/Library/Containers/Mail.Ru.DiskO.as/Data/Disk-O.as.mounts/banderas91@mail.ru-mailru/Geek/HW_Python/python_HW/.git/hooks,file,3650
exclude,/Users/antonkonycev/Library/Containers/Mail.Ru.DiskO.as/Data/Disk-O.as.mounts/banderas91@mail.ru-mailru/Geek/HW_Python/python_HW/.git/info/exclude,/Users/antonkonycev/Library/Containers/Mail.Ru.DiskO.as/Data/Disk-O.as.mounts/banderas91@mail.ru-mailru/Geek/HW_Python/python_HW/.git/info,file,250
refs,/Users/antonkonycev/Library/Containers/Mail.Ru.DiskO.as/Data/Disk-O.as.mounts/banderas91@mail.ru-mailru/Geek/HW_Python/python_HW/.git/logs/refs,/Users/antonkonycev/Library/Containers/Mail.Ru.DiskO.as/Data/Disk-O.as.mounts/banderas91@mail.ru-mailru/Geek/HW_Python/python_HW/.git/logs,directory,6474
HEAD,/Users/antonkonycev/Library/Containers/Mail.Ru.DiskO.as/Data/Disk-O.as.mounts/banderas91@mail.ru-mailru/Geek/HW_Python/python_HW/.git/logs/HEAD,/Users/antonkonycev/Library/Containers/Mail.Ru.DiskO.as/Data/Disk-O.as.mounts/banderas91@mail.ru-mailru/Geek/HW_Python/python_HW/.git/logs,file,4827
heads,/Users/antonkonycev/Library/Containers/Mail.Ru.DiskO.as/Data/Disk-O.as.mounts/banderas91@mail.ru-mailru/Geek/HW_Python/python_HW/.git/logs/refs/heads,/Users/antonkonycev/Library/Containers/Mail.Ru.DiskO.as/Data/Disk-O.as.mounts/banderas91@mail.ru-mailru/Geek/HW_Python/python_HW/.git/logs/refs,directory,3288
remotes,/Users/antonkonycev/Library/Containers/Mail.Ru.DiskO.as/Data/Disk-O.as.mounts/banderas91@mail.ru-mailru/Geek/HW_Python/python_HW/.git/logs/refs/remotes,/Users/antonkonycev/Library/Containers/Mail.Ru.DiskO.as/Data/Disk-O.as.mounts/banderas91@mail.ru-mailru/Geek/HW_Python/python_HW/.git/logs/refs,directory,3186
HW_1,/Users/antonkonycev/Library/Containers/Mail.Ru.DiskO.as/Data/Disk-O.as.mounts/banderas91@mail.ru-mailru/Geek/HW_Python/python_HW/.git/logs/refs/heads/HW_1,/Users/antonkonycev/Library/Containers/Mail.Ru.DiskO.as/Data/Disk-O.as.mounts/banderas91@mail.ru-mailru/Geek/HW_Python/python_HW/.git/logs/refs/heads,file,459
HW_2,/Users/antonkonycev/Library/Containers/Mail.Ru.DiskO.as/Data/Disk-O.as.mounts/banderas91@mail.ru-mailru/Geek/HW_Python/python_HW/.git/logs/refs/heads/HW_2,/Users/antonkonycev/Library/Containers/Mail.Ru.DiskO.as/Data/Disk-O.as.mounts/banderas91@mail.ru-mailru/Geek/HW_Python/python_HW/.git/logs/refs/heads,file,301
HW_3,/Users/antonkonycev/Library/Containers/Mail.Ru.DiskO.as/Data/Disk-O.as.mounts/banderas91@mail.ru-mailru/Geek/HW_Python/python_HW/.git/logs/refs/heads/HW_3,/Users/antonkonycev/Library/Containers/Mail.Ru.DiskO.as/Data/Disk-O.as.mounts/banderas91@mail.ru-mailru/Geek/HW_Python/python_HW/.git/logs/refs/heads,file,437
HW_4,/Users/antonkonycev/Library/Containers/Mail.Ru.DiskO.as/Data/Disk-O.as.mounts/banderas91@mail.ru-mailru/Geek/HW_Python/python_HW/.git/logs/refs/heads/HW_4,/Users/antonkonycev/Library/Containers/Mail.Ru.DiskO.as/Data/Disk-O.as.mounts/banderas91@mail.ru-mailru/Geek/HW_Python/python_HW/.git/logs/refs/heads,file,291
HW_5,/Users/antonkonycev/Library/Containers/Mail.Ru.DiskO.as/Data/Disk-O.as.mounts/banderas91@mail.ru-mailru/Geek/HW_Python/python_HW/.git/logs/refs/heads/HW_5,/Users/antonkonycev/Library/Containers/Mail.Ru.DiskO.as/Data/Disk-O.as.mounts/banderas91@mail.ru-mailru/Geek/HW_Python/python_HW/.git/logs/refs/heads,file,291
HW_6,/Users/antonkonycev/Library/Containers/Mail.Ru.DiskO.as/Data/Disk-O.as.mounts/banderas91@mail.ru-mailru/Geek/HW_Python/python_HW/.git/logs/refs/heads/HW_6,/Users/antonkonycev/Library/Containers/Mail.Ru.DiskO.as/Data/Disk-O.as.mounts/banderas91@mail.ru-mailru/Geek/HW_Python/python_HW/.git/logs/refs/heads,file,291
HW_7,/Users/antonkonycev/Library/Containers/Mail.Ru.DiskO.as/Data/Disk-O.as.mounts/banderas91@mail.ru-mailru/Geek/HW_Python/python_HW/.git/logs/refs/heads/HW_7,/Users/antonkonycev/Library/Containers/Mail.Ru.DiskO.as/Data/Disk-O.as.mounts/banderas91@mail.ru-mailru/Geek/HW_Python/python_HW/.git/logs/refs/heads,file,594
HW_8,/Users/antonkonycev/Library/Containers/Mail.Ru.DiskO.as/Data/Disk-O.as.mounts/banderas91@mail.ru-mailru/Geek/HW_Python/python_HW/.git/logs/refs/heads/HW_8,/Users/antonkonycev/Library/Containers/Mail.Ru.DiskO.as/Data/Disk-O.as.mounts/banderas91@mail.ru-mailru/Geek/HW_Python/python_HW/.git/logs/refs/heads,file,152
main,/Users/antonkonycev/Library/Containers/Mail.Ru.DiskO.as/Data/Disk-O.as.mounts/banderas91@mail.ru-mailru/Geek/HW_Python/python_HW/.git/logs/refs/heads/main,/Users/antonkonycev/Library/Containers/Mail.Ru.DiskO.as/Data/Disk-O.as.mounts/banderas91@mail.ru-mailru/Geek/HW_Python/python_HW/.git/logs/refs/heads,file,472
origin,/Users/antonkonycev/Library/Containers/Mail.Ru.DiskO.as/Data/Disk-O.as.mounts/banderas91@mail.ru-mailru/Geek/HW_Python/python_HW/.git/logs/refs/remotes/origin,/Users/antonkonycev/Library/Containers/Mail.Ru.DiskO.as/Data/Disk-O.as.mounts/banderas91@mail.ru-mailru/Geek/HW_Python/python_HW/.git/logs/refs/remotes,directory,3186
HEAD,/Users/antonkonycev/Library/Containers/Mail.Ru.DiskO.as/Data/Disk-O.as.mounts/banderas91@mail.ru-mailru/Geek/HW_Python/python_HW/.git/logs/refs/remotes/origin/HEAD,/Users/antonkonycev/Library/Containers/Mail.Ru.DiskO.as/Data/Disk-O.as.mounts/banderas91@mail.ru-mailru/Geek/HW_Python/python_HW/.git/logs/refs/remotes/origin,file,182
HW_1,/Users/antonkonycev/Library/Containers/Mail.Ru.DiskO.as/Data/Disk-O.as.mounts/banderas91@mail.ru-mailru/Geek/HW_Python/python_HW/.git/logs/refs/remotes/origin/HW_1,/Users/antonkonycev/Library/Containers/Mail.Ru.DiskO.as/Data/Disk-O.as.mounts/banderas91@mail.ru-mailru/Geek/HW_Python/python_HW/.git/logs/refs/remotes/origin,file,282
HW_2,/Users/antonkonycev/Library/Containers/Mail.Ru.DiskO.as/Data/Disk-O.as.mounts/banderas91@mail.ru-mailru/Geek/HW_Python/python_HW/.git/logs/refs/remotes/origin/HW_2,/Users/antonkonycev/Library/Containers/Mail.Ru.DiskO.as/Data/Disk-O.as.mounts/banderas91@mail.ru-mailru/Geek/HW_Python/python_HW/.git/logs/refs/remotes/origin,file,282
HW_3,/Users/antonkonycev/Library/Containers/Mail.Ru.DiskO.as/Data/Disk-O.as.mounts/banderas91@mail.ru-mailru/Geek/HW_Python/python_HW/.git/logs/refs/remotes/origin/HW_3,/Users/antonkonycev/Library/Containers/Mail.Ru.DiskO.as/Data/Disk-O.as.mounts/banderas91@mail.ru-mailru/Geek/HW_Python/python_HW/.git/logs/refs/remotes/origin,file,282
HW_4,/Users/antonkonycev/Library/Containers/Mail.Ru.DiskO.as/Data/Disk-O.as.mounts/banderas91@mail.ru-mailru/Geek/HW_Python/python_HW/.git/logs/refs/remotes/origin/HW_4,/Users/antonkonycev/Library/Containers/Mail.Ru.DiskO.as/Data/Disk-O.as.mounts/banderas91@mail.ru-mailru/Geek/HW_Python/python_HW/.git/logs/refs/remotes/origin,file,141
HW_5,/Users/antonkonycev/Library/Containers/Mail.Ru.DiskO.as/Data/Disk-O.as.mounts/banderas91@mail.ru-mailru/Geek/HW_Python/python_HW/.git/logs/refs/remotes/origin/HW_5,/Users/antonkonycev/Library/Containers/Mail.Ru.DiskO.as/Data/Disk-O.as.mounts/banderas91@mail.ru-mailru/Geek/HW_Python/python_HW/.git/logs/refs/remotes/origin,file,282
HW_6,/Users/antonkonycev/Library/Containers/Mail.Ru.DiskO.as/Data/Disk-O.as.mounts/banderas91@mail.ru-mailru/Geek/HW_Python/python_HW/.git/logs/refs/remotes/origin/HW_6,/Users/antonkonycev/Library/Containers/Mail.Ru.DiskO.as/Data/Disk-O.as.mounts/banderas91@mail.ru-mailru/Geek/HW_Python/python_HW/.git/logs/refs/remotes/origin,file,282
HW_7,/Users/antonkonycev/Library/Containers/Mail.Ru.DiskO.as/Data/Disk-O.as.mounts/banderas91@mail.ru-mailru/Geek/HW_Python/python_HW/.git/logs/refs/remotes/origin/HW_7,/Users/antonkonycev/Library/Containers/Mail.Ru.DiskO.as/Data/Disk-O.as.mounts/banderas91@mail.ru-mailru/Geek/HW_Python/python_HW/.git/logs/refs/remotes/origin,file,587
HW_8,/Users/antonkonycev/Library/Containers/Mail.Ru.DiskO.as/Data/Disk-O.as.mounts/banderas91@mail.ru-mailru/Geek/HW_Python/python_HW/.git/logs/refs/remotes/origin/HW_8,/Users/antonkonycev/Library/Containers/Mail.Ru.DiskO.as/Data/Disk-O.as.mounts/banderas91@mail.ru-mailru/Geek/HW_Python/python_HW/.git/logs/refs/remotes/origin,file,141
main,/Users/antonkonycev/Library/Containers/Mail.Ru.DiskO.as/Data/Disk-O.as.mounts/banderas91@mail.ru-mailru/Geek/HW_Python/python_HW/.git/logs/refs/remotes/origin/main,/Users/antonkonycev/Library/Containers/Mail.Ru.DiskO.as/Data/Disk-O.as.mounts/banderas91@mail.ru-mailru/Geek/HW_Python/python_HW/.git/logs/refs/remotes/origin,file,725
03,/Users/antonkonycev/Library/Containers/Mail.Ru.DiskO.as/Data/Disk-O.as.mounts/banderas91@mail.ru-mailru/Geek/HW_Python/python_HW/.git/objects/03,/Users/antonkonycev/Library/Containers/Mail.Ru.DiskO.as/Data/Disk-O.as.mounts/banderas91@mail.ru-mailru/Geek/HW_Python/python_HW/.git/objects,directory,156
0b,/Users/antonkonycev/Library/Containers/Mail.Ru.DiskO.as/Data/Disk-O.as.mounts/banderas91@mail.ru-mailru/Geek/HW_Python/python_HW/.git/objects/0b,/Users/antonkonycev/Library/Containers/Mail.Ru.DiskO.as/Data/Disk-O.as.mounts/banderas91@mail.ru-mailru/Geek/HW_Python/python_HW/.git/objects,directory,1096
10,/Users/antonkonycev/Library/Containers/Mail.Ru.DiskO.as/Data/Disk-O.as.mounts/banderas91@mail.ru-mailru/Geek/HW_Python/python_HW/.git/objects/10,/Users/antonkonycev/Library/Containers/Mail.Ru.DiskO.as/Data/Disk-O.as.mounts/banderas91@mail.ru-mailru/Geek/HW_Python/python_HW/.git/objects,directory,151
12,/Users/antonkonycev/Library/Containers/Mail.Ru.DiskO.as/Data/Disk-O.as.mounts/banderas91@mail.ru-mailru/Geek/HW_Python/python_HW/.git/objects/12,/Users/antonkonycev/Library/Containers/Mail.Ru.DiskO.as/Data/Disk-O.as.mounts/banderas91@mail.ru-mailru/Geek/HW_Python/python_HW/.git/objects,directory,61111
16,/Users/antonkonycev/Library/Containers/Mail.Ru.DiskO.as/Data/Disk-O.as.mounts/banderas91@mail.ru-mailru/Geek/HW_Python/python_HW/.git/objects/16,/Users/antonkonycev/Library/Containers/Mail.Ru.DiskO.as/Data/Disk-O.as.mounts/banderas91@mail.ru-mailru/Geek/HW_Python/python_HW/.git/objects,directory,154
18,/Users/antonkonycev/Library/Containers/Mail.Ru.DiskO.as/Data/Disk-O.as.mounts/banderas91@mail.ru-mailru/Geek/HW_Python/python_HW/.git/objects/18,/Users/antonkonycev/Library/Containers/Mail.Ru.DiskO.as/Data/Disk-O.as.mounts/banderas91@mail.ru-mailru/Geek/HW_Python/python_HW/.git/objects,directory,1379
19,/Users/antonkonycev/Library/Containers/Mail.Ru.DiskO.as/Data/Disk-O.as.mounts/banderas91@mail.ru-mailru/Geek/HW_Python/python_HW/.git/objects/19,/Users/antonkonycev/Library/Containers/Mail.Ru.DiskO.as/Data/Disk-O.as.mounts/banderas91@mail.ru-mailru/Geek/HW_Python/python_HW/.git/objects,directory,150
22,/Users/antonkonycev/Library/Containers/Mail.Ru.DiskO.as/Data/Disk-O.as.mounts/banderas91@mail.ru-mailru/Geek/HW_Python/python_HW/.git/objects/22,/Users/antonkonycev/Library/Containers/Mail.Ru.DiskO.as/Data/Disk-O.as.mounts/banderas91@mail.ru-mailru/Geek/HW_Python/python_HW/.git/objects,directory,451
24,/Users/antonkonycev/Library/Containers/Mail.Ru.DiskO.as/Data/Disk-O.as.mounts/banderas91@mail.ru-mailru/Geek/HW_Python/python_HW/.git/objects/24,/Users/antonkonycev/Library/Containers/Mail.Ru.DiskO.as/Data/Disk-O.as.mounts/banderas91@mail.ru-mailru/Geek/HW_Python/python_HW/.git/objects,directory,160
2a,/Users/antonkonycev/Library/Containers/Mail.Ru.DiskO.as/Data/Disk-O.as.mounts/banderas91@mail.ru-mailru/Geek/HW_Python/python_HW/.git/objects/2a,/Users/antonkonycev/Library/Containers/Mail.Ru.DiskO.as/Data/Disk-O.as.mounts/banderas91@mail.ru-mailru/Geek/HW_Python/python_HW/.git/objects,directory,612
30,/Users/antonkonycev/Library/Containers/Mail.Ru.DiskO.as/Data/Disk-O.as.mounts/banderas91@mail.ru-mailru/Geek/HW_Python/python_HW/.git/objects/30,/Users/antonkonycev/Library/Containers/Mail.Ru.DiskO.as/Data/Disk-O.as.mounts/banderas91@mail.ru-mailru/Geek/HW_Python/python_HW/.git/objects,directory,153
35,/Users/antonkonycev/Library/Containers/Mail.Ru.DiskO.as/Data/Disk-O.as.mounts/banderas91@mail.ru-mailru/Geek/HW_Python/python_HW/.git/objects/35,/Users/antonkonycev/Library/Containers/Mail.Ru.DiskO.as/Data/Disk-O.as.mounts/banderas91@mail.ru-mailru/Geek/HW_Python/python_HW/.git/objects,directory,511
38,/Users/antonkonycev/Library/Containers/Mail.Ru.DiskO.as/Data/Disk-O.as.mounts/banderas91@mail.ru-mailru/Geek/HW_Python/python_HW/.git/objects/38,/Users/antonkonycev/Library/Containers/Mail.Ru.DiskO.as/Data/Disk-O.as.mounts/banderas91@mail.ru-mailru/Geek/HW_Python/python_HW/.git/objects,directory,133
3b,/Users/antonkonycev/Library/Containers/Mail.Ru.DiskO.as/Data/Disk-O.as.mounts/banderas91@mail.ru-mailru/Geek/HW_Python/python_HW/.git/objects/3b,/Users/antonkonycev/Library/Containers/Mail.Ru.DiskO.as/Data/Disk-O.as.mounts/banderas91@mail.ru-mailru/Geek/HW_Python/python_HW/.git/objects,directory,57
3d,/Users/antonkonycev/Library/Containers/Mail.Ru.DiskO.as/Data/Disk-O.as.mounts/banderas91@mail.ru-mailru/Geek/HW_Python/python_HW/.git/objects/3d,/Users/antonkonycev/Library/Containers/Mail.Ru.DiskO.as/Data/Disk-O.as.mounts/banderas91@mail.ru-mailru/Geek/HW_Python/python_HW/.git/objects,directory,611
44,/Users/antonkonycev/Library/Containers/Mail.Ru.DiskO.as/Data/Disk-O.as.mounts/banderas91@mail.ru-mailru/Geek/HW_Python/python_HW/.git/objects/44,/Users/antonkonycev/Library/Containers/Mail.Ru.DiskO.as/Data/Disk-O.as.mounts/banderas91@mail.ru-mailru/Geek/HW_Python/python_HW/.git/objects,directory,79
49,/Users/antonkonycev/Library/Containers/Mail.Ru.DiskO.as/Data/Disk-O.as.mounts/banderas91@mail.ru-mailru/Geek/HW_Python/python_HW/.git/objects/49,/Users/antonkonycev/Library/Containers/Mail.Ru.DiskO.as/Data/Disk-O.as.mounts/banderas91@mail.ru-mailru/Geek/HW_Python/python_HW/.git/objects,directory,546
4f,/Users/antonkonycev/Library/Containers/Mail.Ru.DiskO.as/Data/Disk-O.as.mounts/banderas91@mail.ru-mailru/Geek/HW_Python/python_HW/.git/objects/4f,/Users/antonkonycev/Library/Containers/Mail.Ru.DiskO.as/Data/Disk-O.as.mounts/banderas91@mail.ru-mailru/Geek/HW_Python/python_HW/.git/objects,directory,374
50,/Users/antonkonycev/Library/Containers/Mail.Ru.DiskO.as/Data/Disk-O.as.mounts/banderas91@mail.ru-mailru/Geek/HW_Python/python_HW/.git/objects/50,/Users/antonkonycev/Library/Containers/Mail.Ru.DiskO.as/Data/Disk-O.as.mounts/banderas91@mail.ru-mailru/Geek/HW_Python/python_HW/.git/objects,directory,1380
56,/Users/antonkonycev/Library/Containers/Mail.Ru.DiskO.as/Data/Disk-O.as.mounts/banderas91@mail.ru-mailru/Geek/HW_Python/python_HW/.git/objects/56,/Users/antonkonycev/Library/Containers/Mail.Ru.DiskO.as/Data/Disk-O.as.mounts/banderas91@mail.ru-mailru/Geek/HW_Python/python_HW/.git/objects,directory,99
60,/Users/antonkonycev/Library/Containers/Mail.Ru.DiskO.as/Data/Disk-O.as.mounts/banderas91@mail.ru-mailru/Geek/HW_Python/python_HW/.git/objects/60,/Users/antonkonycev/Library/Containers/Mail.Ru.DiskO.as/Data/Disk-O.as.mounts/banderas91@mail.ru-mailru/Geek/HW_Python/python_HW/.git/objects,directory,612
6e,/Users/antonkonycev/Library/Containers/Mail.Ru.DiskO.as/Data/Disk-O.as.mounts/banderas91@mail.ru-mailru/Geek/HW_Python/python_HW/.git/objects/6e,/Users/antonkonycev/Library/Containers/Mail.Ru.DiskO.as/Data/Disk-O.as.mounts/banderas91@mail.ru-mailru/Geek/HW_Python/python_HW/.git/objects,directory,136
70,/Users/antonkonycev/Library/Containers/Mail.Ru.DiskO.as/Data/Disk-O.as.mounts/banderas91@mail.ru-mailru/Geek/HW_Python/python_HW/.git/objects/70,/Users/antonkonycev/Library/Containers/Mail.Ru.DiskO.as/Data/Disk-O.as.mounts/banderas91@mail.ru-mailru/Geek/HW_Python/python_HW/.git/objects,directory,485
74,/Users/antonkonycev/Library/Containers/Mail.Ru.DiskO.as/Data/Disk-O.as.mounts/banderas91@mail.ru-mailru/Geek/HW_Python/python_HW/.git/objects/74,/Users/antonkonycev/Library/Containers/Mail.Ru.DiskO.as/Data/Disk-O.as.mounts/banderas91@mail.ru-mailru/Geek/HW_Python/python_HW/.git/objects,directory,157
75,/Users/antonkonycev/Library/Containers/Mail.Ru.DiskO.as/Data/Disk-O.as.mounts/banderas91@mail.ru-mailru/Geek/HW_Python/python_HW/.git/objects/75,/Users/antonkonycev/Library/Containers/Mail.Ru.DiskO.as/Data/Disk-O.as.mounts/banderas91@mail.ru-mailru/Geek/HW_Python/python_HW/.git/objects,directory,470
76,/Users/antonkonycev/Library/Containers/Mail.Ru.DiskO.as/Data/Disk-O.as.mounts/banderas91@mail.ru-mailru/Geek/HW_Python/python_HW/.git/objects/76,/Users/antonkonycev/Library/Containers/Mail.Ru.DiskO.as/Data/Disk-O.as.mounts/banderas91@mail.ru-mailru/Geek/HW_Python/python_HW/.git/objects,directory,570
78,/Users/antonkonycev/Library/Containers/Mail.Ru.DiskO.as/Data/Disk-O.as.mounts/banderas91@mail.ru-mailru/Geek/HW_Python/python_HW/.git/objects/78,/Users/antonkonycev/Library/Containers/Mail.Ru.DiskO.as/Data/Disk-O.as.mounts/banderas91@mail.ru-mailru/Geek/HW_Python/python_HW/.git/objects,directory,84
80,/Users/antonkonycev/Library/Containers/Mail.Ru.DiskO.as/Data/Disk-O.as.mounts/banderas91@mail.ru-mailru/Geek/HW_Python/python_HW/.git/objects/80,/Users/antonkonycev/Library/Containers/Mail.Ru.DiskO.as/Data/Disk-O.as.mounts/banderas91@mail.ru-mailru/Geek/HW_Python/python_HW/.git/objects,directory,323
84,/Users/antonkonycev/Library/Containers/Mail.Ru.DiskO.as/Data/Disk-O.as.mounts/banderas91@mail.ru-mailru/Geek/HW_Python/python_HW/.git/objects/84,/Users/antonkonycev/Library/Containers/Mail.Ru.DiskO.as/Data/Disk-O.as.mounts/banderas91@mail.ru-mailru/Geek/HW_Python/python_HW/.git/objects,directory,153
87,/Users/antonkonycev/Library/Containers/Mail.Ru.DiskO.as/Data/Disk-O.as.mounts/banderas91@mail.ru-mailru/Geek/HW_Python/python_HW/.git/objects/87,/Users/antonkonycev/Library/Containers/Mail.Ru.DiskO.as/Data/Disk-O.as.mounts/banderas91@mail.ru-mailru/Geek/HW_Python/python_HW/.git/objects,directory,153
8a,/Users/antonkonycev/Library/Containers/Mail.Ru.DiskO.as/Data/Disk-O.as.mounts/banderas91@mail.ru-mailru/Geek/HW_Python/python_HW/.git/objects/8a,/Users/antonkonycev/Library/Containers/Mail.Ru.DiskO.as/Data/Disk-O.as.mounts/banderas91@mail.ru-mailru/Geek/HW_Python/python_HW/.git/objects,directory,614
8e,/Users/antonkonycev/Library/Containers/Mail.Ru.DiskO.as/Data/Disk-O.as.mounts/banderas91@mail.ru-mailru/Geek/HW_Python/python_HW/.git/objects/8e,/Users/antonkonycev/Library/Containers/Mail.Ru.DiskO.as/Data/Disk-O.as.mounts/banderas91@mail.ru-mailru/Geek/HW_Python/python_HW/.git/objects,directory,99
8f,/Users/antonkonycev/Library/Containers/Mail.Ru.DiskO.as/Data/Disk-O.as.mounts/banderas91@mail.ru-mailru/Geek/HW_Python/python_HW/.git/objects/8f,/Users/antonkonycev/Library/Containers/Mail.Ru.DiskO.as/Data/Disk-O.as.mounts/banderas91@mail.ru-mailru/Geek/HW_Python/python_HW/.git/objects,directory,192
95,/Users/antonkonycev/Library/Containers/Mail.Ru.DiskO.as/Data/Disk-O.as.mounts/banderas91@mail.ru-mailru/Geek/HW_Python/python_HW/.git/objects/95,/Users/antonkonycev/Library/Containers/Mail.Ru.DiskO.as/Data/Disk-O.as.mounts/banderas91@mail.ru-mailru/Geek/HW_Python/python_HW/.git/objects,directory,133
9b,/Users/antonkonycev/Library/Containers/Mail.Ru.DiskO.as/Data/Disk-O.as.mounts/banderas91@mail.ru-mailru/Geek/HW_Python/python_HW/.git/objects/9b,/Users/antonkonycev/Library/Containers/Mail.Ru.DiskO.as/Data/Disk-O.as.mounts/banderas91@mail.ru-mailru/Geek/HW_Python/python_HW/.git/objects,directory,836
a0,/Users/antonkonycev/Library/Containers/Mail.Ru.DiskO.as/Data/Disk-O.as.mounts/banderas91@mail.ru-mailru/Geek/HW_Python/python_HW/.git/objects/a0,/Users/antonkonycev/Library/Containers/Mail.Ru.DiskO.as/Data/Disk-O.as.mounts/banderas91@mail.ru-mailru/Geek/HW_Python/python_HW/.git/objects,directory,658
a6,/Users/antonkonycev/Library/Containers/Mail.Ru.DiskO.as/Data/Disk-O.as.mounts/banderas91@mail.ru-mailru/Geek/HW_Python/python_HW/.git/objects/a6,/Users/antonkonycev/Library/Containers/Mail.Ru.DiskO.as/Data/Disk-O.as.mounts/banderas91@mail.ru-mailru/Geek/HW_Python/python_HW/.git/objects,directory,190
b2,/Users/antonkonycev/Library/Containers/Mail.Ru.DiskO.as/Data/Disk-O.as.mounts/banderas91@mail.ru-mailru/Geek/HW_Python/python_HW/.git/objects/b2,/Users/antonkonycev/Library/Containers/Mail.Ru.DiskO.as/Data/Disk-O.as.mounts/banderas91@mail.ru-mailru/Geek/HW_Python/python_HW/.git/objects,directory,194
b8,/Users/antonkonycev/Library/Containers/Mail.Ru.DiskO.as/Data/Disk-O.as.mounts/banderas91@mail.ru-mailru/Geek/HW_Python/python_HW/.git/objects/b8,/Users/antonkonycev/Library/Containers/Mail.Ru.DiskO.as/Data/Disk-O.as.mounts/banderas91@mail.ru-mailru/Geek/HW_Python/python_HW/.git/objects,directory,132
ba,/Users/antonkonycev/Library/Containers/Mail.Ru.DiskO.as/Data/Disk-O.as.mounts/banderas91@mail.ru-mailru/Geek/HW_Python/python_HW/.git/objects/ba,/Users/antonkonycev/Library/Containers/Mail.Ru.DiskO.as/Data/Disk-O.as.mounts/banderas91@mail.ru-mailru/Geek/HW_Python/python_HW/.git/objects,directory,85
c4,/Users/antonkonycev/Library/Containers/Mail.Ru.DiskO.as/Data/Disk-O.as.mounts/banderas91@mail.ru-mailru/Geek/HW_Python/python_HW/.git/objects/c4,/Users/antonkonycev/Library/Containers/Mail.Ru.DiskO.as/Data/Disk-O.as.mounts/banderas91@mail.ru-mailru/Geek/HW_Python/python_HW/.git/objects,directory,489
c9,/Users/antonkonycev/Library/Containers/Mail.Ru.DiskO.as/Data/Disk-O.as.mounts/banderas91@mail.ru-mailru/Geek/HW_Python/python_HW/.git/objects/c9,/Users/antonkonycev/Library/Containers/Mail.Ru.DiskO.as/Data/Disk-O.as.mounts/banderas91@mail.ru-mailru/Geek/HW_Python/python_HW/.git/objects,directory,110
ca,/Users/antonkonycev/Library/Containers/Mail.Ru.DiskO.as/Data/Disk-O.as.mounts/banderas91@mail.ru-mailru/Geek/HW_Python/python_HW/.git/objects/ca,/Users/antonkonycev/Library/Containers/Mail.Ru.DiskO.as/Data/Disk-O.as.mounts/banderas91@mail.ru-mailru/Geek/HW_Python/python_HW/.git/objects,directory,268
cd,/Users/antonkonycev/Library/Containers/Mail.Ru.DiskO.as/Data/Disk-O.as.mounts/banderas91@mail.ru-mailru/Geek/HW_Python/python_HW/.git/objects/cd,/Users/antonkonycev/Library/Containers/Mail.Ru.DiskO.as/Data/Disk-O.as.mounts/banderas91@mail.ru-mailru/Geek/HW_Python/python_HW/.git/objects,directory,612
d0,/Users/antonkonycev/Library/Containers/Mail.Ru.DiskO.as/Data/Disk-O.as.mounts/banderas91@mail.ru-mailru/Geek/HW_Python/python_HW/.git/objects/d0,/Users/antonkonycev/Library/Containers/Mail.Ru.DiskO.as/Data/Disk-O.as.mounts/banderas91@mail.ru-mailru/Geek/HW_Python/python_HW/.git/objects,directory,150
d4,/Users/antonkonycev/Library/Containers/Mail.Ru.DiskO.as/Data/Disk-O.as.mounts/banderas91@mail.ru-mailru/Geek/HW_Python/python_HW/.git/objects/d4,/Users/antonkonycev/Library/Containers/Mail.Ru.DiskO.as/Data/Disk-O.as.mounts/banderas91@mail.ru-mailru/Geek/HW_Python/python_HW/.git/objects,directory,618
d5,/Users/antonkonycev/Library/Containers/Mail.Ru.DiskO.as/Data/Disk-O.as.mounts/banderas91@mail.ru-mailru/Geek/HW_Python/python_HW/.git/objects/d5,/Users/antonkonycev/Library/Containers/Mail.Ru.DiskO.as/Data/Disk-O.as.mounts/banderas91@mail.ru-mailru/Geek/HW_Python/python_HW/.git/objects,directory,27
df,/Users/antonkonycev/Library/Containers/Mail.Ru.DiskO.as/Data/Disk-O.as.mounts/banderas91@mail.ru-mailru/Geek/HW_Python/python_HW/.git/objects/df,/Users/antonkonycev/Library/Containers/Mail.Ru.DiskO.as/Data/Disk-O.as.mounts/banderas91@mail.ru-mailru/Geek/HW_Python/python_HW/.git/objects,directory,563
e0,/Users/antonkonycev/Library/Containers/Mail.Ru.DiskO.as/Data/Disk-O.as.mounts/banderas91@mail.ru-mailru/Geek/HW_Python/python_HW/.git/objects/e0,/Users/antonkonycev/Library/Containers/Mail.Ru.DiskO.as/Data/Disk-O.as.mounts/banderas91@mail.ru-mailru/Geek/HW_Python/python_HW/.git/objects,directory,161
e2,/Users/antonkonycev/Library/Containers/Mail.Ru.DiskO.as/Data/Disk-O.as.mounts/banderas91@mail.ru-mailru/Geek/HW_Python/python_HW/.git/objects/e2,/Users/antonkonycev/Library/Containers/Mail.Ru.DiskO.as/Data/Disk-O.as.mounts/banderas91@mail.ru-mailru/Geek/HW_Python/python_HW/.git/objects,directory,447
e6,/Users/antonkonycev/Library/Containers/Mail.Ru.DiskO.as/Data/Disk-O.as.mounts/banderas91@mail.ru-mailru/Geek/HW_Python/python_HW/.git/objects/e6,/Users/antonkonycev/Library/Containers/Mail.Ru.DiskO.as/Data/Disk-O.as.mounts/banderas91@mail.ru-mailru/Geek/HW_Python/python_HW/.git/objects,directory,243
e7,/Users/antonkonycev/Library/Containers/Mail.Ru.DiskO.as/Data/Disk-O.as.mounts/banderas91@mail.ru-mailru/Geek/HW_Python/python_HW/.git/objects/e7,/Users/antonkonycev/Library/Containers/Mail.Ru.DiskO.as/Data/Disk-O.as.mounts/banderas91@mail.ru-mailru/Geek/HW_Python/python_HW/.git/objects,directory,108
e8,/Users/antonkonycev/Library/Containers/Mail.Ru.DiskO.as/Data/Disk-O.as.mounts/banderas91@mail.ru-mailru/Geek/HW_Python/python_HW/.git/objects/e8,/Users/antonkonycev/Library/Containers/Mail.Ru.DiskO.as/Data/Disk-O.as.mounts/banderas91@mail.ru-mailru/Geek/HW_Python/python_HW/.git/objects,directory,268
e9,/Users/antonkonycev/Library/Containers/Mail.Ru.DiskO.as/Data/Disk-O.as.mounts/banderas91@mail.ru-mailru/Geek/HW_Python/python_HW/.git/objects/e9,/Users/antonkonycev/Library/Containers/Mail.Ru.DiskO.as/Data/Disk-O.as.mounts/banderas91@mail.ru-mailru/Geek/HW_Python/python_HW/.git/objects,directory,415
ed,/Users/antonkonycev/Library/Containers/Mail.Ru.DiskO.as/Data/Disk-O.as.mounts/banderas91@mail.ru-mailru/Geek/HW_Python/python_HW/.git/objects/ed,/Users/antonkonycev/Library/Containers/Mail.Ru.DiskO.as/Data/Disk-O.as.mounts/banderas91@mail.ru-mailru/Geek/HW_Python/python_HW/.git/objects,directory,106
fa,/Users/antonkonycev/Library/Containers/Mail.Ru.DiskO.as/Data/Disk-O.as.mounts/banderas91@mail.ru-mailru/Geek/HW_Python/python_HW/.git/objects/fa,/Users/antonkonycev/Library/Containers/Mail.Ru.DiskO.as/Data/Disk-O.as.mounts/banderas91@mail.ru-mailru/Geek/HW_Python/python_HW/.git/objects,directory,122
fc,/Users/antonkonycev/Library/Containers/Mail.Ru.DiskO.as/Data/Disk-O.as.mounts/banderas91@mail.ru-mailru/Geek/HW_Python/python_HW/.git/objects/fc,/Users/antonkonycev/Library/Containers/Mail.Ru.DiskO.as/Data/Disk-O.as.mounts/banderas91@mail.ru-mailru/Geek/HW_Python/python_HW/.git/objects,directory,136
ff,/Users/antonkonycev/Library/Containers/Mail.Ru.DiskO.as/Data/Disk-O.as.mounts/banderas91@mail.ru-mailru/Geek/HW_Python/python_HW/.git/objects/ff,/Users/antonkonycev/Library/Containers/Mail.Ru.DiskO.as/Data/Disk-O.as.mounts/banderas91@mail.ru-mailru/Geek/HW_Python/python_HW/.git/objects,directory,294
info,/Users/antonkonycev/Library/Containers/Mail.Ru.DiskO.as/Data/Disk-O.as.mounts/banderas91@mail.ru-mailru/Geek/HW_Python/python_HW/.git/objects/info,/Users/antonkonycev/Library/Containers/Mail.Ru.DiskO.as/Data/Disk-O.as.mounts/banderas91@mail.ru-mailru/Geek/HW_Python/python_HW/.git/objects,directory,0
pack,/Users/antonkonycev/Library/Containers/Mail.Ru.DiskO.as/Data/Disk-O.as.mounts/banderas91@mail.ru-mailru/Geek/HW_Python/python_HW/.git/objects/pack,/Users/antonkonycev/Library/Containers/Mail.Ru.DiskO.as/Data/Disk-O.as.mounts/banderas91@mail.ru-mailru/Geek/HW_Python/python_HW/.git/objects,directory,1770
1dacde3f75f3eafeb0ded12e5c8b3d4124a0ac,/Users/antonkonycev/Library/Containers/Mail.Ru.DiskO.as/Data/Disk-O.as.mounts/banderas91@mail.ru-mailru/Geek/HW_Python/python_HW/.git/objects/03/1dacde3f75f3eafeb0ded12e5c8b3d4124a0ac,/Users/antonkonycev/Library/Containers/Mail.Ru.DiskO.as/Data/Disk-O.as.mounts/banderas91@mail.ru-mailru/Geek/HW_Python/python_HW/.git/objects/03,file,156
2163c86d83d2d57dae0a7fe984a49f059ded7e,/Users/antonkonycev/Library/Containers/Mail.Ru.DiskO.as/Data/Disk-O.as.mounts/banderas91@mail.ru-mailru/Geek/HW_Python/python_HW/.git/objects/0b/2163c86d83d2d57dae0a7fe984a49f059ded7e,/Users/antonkonycev/Library/Containers/Mail.Ru.DiskO.as/Data/Disk-O.as.mounts/banderas91@mail.ru-mailru/Geek/HW_Python/python_HW/.git/objects/0b,file,1096
b27d05b73c03d73944d2a967459ea7dc46ed3f,/Users/antonkonycev/Library/Containers/Mail.Ru.DiskO.as/Data/Disk-O.as.mounts/banderas91@mail.ru-mailru/Geek/HW_Python/python_HW/.git/objects/10/b27d05b73c03d73944d2a967459ea7dc46ed3f,/Users/antonkonycev/Library/Containers/Mail.Ru.DiskO.as/Data/Disk-O.as.mounts/banderas91@mail.ru-mailru/Geek/HW_Python/python_HW/.git/objects/10,file,151
671d6890efba49ad0ef2368dacc7125efa13fd,/Users/antonkonycev/Library/Containers/Mail.Ru.DiskO.as/Data/Disk-O.as.mounts/banderas91@mail.ru-mailru/Geek/HW_Python/python_HW/.git/objects/12/671d6890efba49ad0ef2368dacc7125efa13fd,/Users/antonkonycev/Library/Containers/Mail.Ru.DiskO.as/Data/Disk-O.as.mounts/banderas91@mail.ru-mailru/Geek/HW_Python/python_HW/.git/objects/12,file,61111
c23d72566ab896335461f072d6e1c13f154d5b,/Users/antonkonycev/Library/Containers/Mail.Ru.DiskO.as/Data/Disk-O.as.mounts/banderas91@mail.ru-mailru/Geek/HW_Python/python_HW/.git/objects/16/c23d72566ab896335461f072d6e1c13f154d5b,/Users/antonkonycev/Library/Containers/Mail.Ru.DiskO.as/Data/Disk-O.as.mounts/banderas91@mail.ru-mailru/Geek/HW_Python/python_HW/.git/objects/16,file,154
187270d1f92da3ebd9f32f9f32ffaa6e94c897,/Users/antonkonycev/Library/Containers/Mail.Ru.DiskO.as/Data/Disk-O.as.mounts/banderas91@mail.ru-mailru/Geek/HW_Python/python_HW/.git/objects/18/187270d1f92da3ebd9f32f9f32ffaa6e94c897,/Users/antonkonycev/Library/Containers/Mail.Ru.DiskO.as/Data/Disk-O.as.mounts/banderas91@mail.ru-mailru/Geek/HW_Python/python_HW/.git/objects/18,file,761
f718d3dd977e367365fe51e9a45ab5c80dc215,/Users/antonkonycev/Library/Containers/Mail.Ru.DiskO.as/Data/Disk-O.as.mounts/banderas91@mail.ru-mailru/Geek/HW_Python/python_HW/.git/objects/18/f718d3dd977e367365fe51e9a45ab5c80dc215,/Users/antonkonycev/Library/Containers/Mail.Ru.DiskO.as/Data/Disk-O.as.mounts/banderas91@mail.ru-mailru/Geek/HW_Python/python_HW/.git/objects/18,file,618
80b17977cd379fb323f3d1eccfcb94c7a0ca0c,/Users/antonkonycev/Library/Containers/Mail.Ru.DiskO.as/Data/Disk-O.as.mounts/banderas91@mail.ru-mailru/Geek/HW_Python/python_HW/.git/objects/19/80b17977cd379fb323f3d1eccfcb94c7a0ca0c,/Users/antonkonycev/Library/Containers/Mail.Ru.DiskO.as/Data/Disk-O.as.mounts/banderas91@mail.ru-mailru/Geek/HW_Python/python_HW/.git/objects/19,file,150
260f6c9098fa023404728d6df5673452b830dc,/Users/antonkonycev/Library/Containers/Mail.Ru.DiskO.as/Data/Disk-O.as.mounts/banderas91@mail.ru-mailru/Geek/HW_Python/python_HW/.git/objects/22/260f6c9098fa023404728d6df5673452b830dc,/Users/antonkonycev/Library/Containers/Mail.Ru.DiskO.as/Data/Disk-O.as.mounts/banderas91@mail.ru-mailru/Geek/HW_Python/python_HW/.git/objects/22,file,451
82a0e119004900527de2acbdb640ea3902b025,/Users/antonkonycev/Library/Containers/Mail.Ru.DiskO.as/Data/Disk-O.as.mounts/banderas91@mail.ru-mailru/Geek/HW_Python/python_HW/.git/objects/24/82a0e119004900527de2acbdb640ea3902b025,/Users/antonkonycev/Library/Containers/Mail.Ru.DiskO.as/Data/Disk-O.as.mounts/banderas91@mail.ru-mailru/Geek/HW_Python/python_HW/.git/objects/24,file,160
e906f740da5fb87fe0f90279e475fd6de314d0,/Users/antonkonycev/Library/Containers/Mail.Ru.DiskO.as/Data/Disk-O.as.mounts/banderas91@mail.ru-mailru/Geek/HW_Python/python_HW/.git/objects/2a/e906f740da5fb87fe0f90279e475fd6de314d0,/Users/antonkonycev/Library/Containers/Mail.Ru.DiskO.as/Data/Disk-O.as.mounts/banderas91@mail.ru-mailru/Geek/HW_Python/python_HW/.git/objects/2a,file,612
a7030ecb3d44ab6c72068bad34c00b706bb47e,/Users/antonkonycev/Library/Containers/Mail.Ru.DiskO.as/Data/Disk-O.as.mounts/banderas91@mail.ru-mailru/Geek/HW_Python/python_HW/.git/objects/30/a7030ecb3d44ab6c72068bad34c00b706bb47e,/Users/antonkonycev/Library/Containers/Mail.Ru.DiskO.as/Data/Disk-O.as.mounts/banderas91@mail.ru-mailru/Geek/HW_Python/python_HW/.git/objects/30,file,153
c01361349f7b5cc2b385520685442d2d47ced2,/Users/antonkonycev/Library/Containers/Mail.Ru.DiskO.as/Data/Disk-O.as.mounts/banderas91@mail.ru-mailru/Geek/HW_Python/python_HW/.git/objects/35/c01361349f7b5cc2b385520685442d2d47ced2,/Users/antonkonycev/Library/Containers/Mail.Ru.DiskO.as/Data/Disk-O.as.mounts/banderas91@mail.ru-mailru/Geek/HW_Python/python_HW/.git/objects/35,file,511
8f165205ae64ff87b46c4ba0596dcdc853f2d8,/Users/antonkonycev/Library/Containers/Mail.Ru.DiskO.as/Data/Disk-O.as.mounts/banderas91@mail.ru-mailru/Geek/HW_Python/python_HW/.git/objects/38/8f165205ae64ff87b46c4ba0596dcdc853f2d8,/Users/antonkonycev/Library/Containers/Mail.Ru.DiskO.as/Data/Disk-O.as.mounts/banderas91@mail.ru-mailru/Geek/HW_Python/python_HW/.git/objects/38,file,133
c324eab4f6de98f7eb793c252f02988de04a4d,/Users/antonkonycev/Library/Containers/Mail.Ru.DiskO.as/Data/Disk-O.as.mounts/banderas91@mail.ru-mailru/Geek/HW_Python/python_HW/.git/objects/3b/c324eab4f6de98f7eb793c252f02988de04a4d,/Users/antonkonycev/Library/Containers/Mail.Ru.DiskO.as/Data/Disk-O.as.mounts/banderas91@mail.ru-mailru/Geek/HW_Python/python_HW/.git/objects/3b,file,57
7d1b04239da7e7d33fbef8f1ff07562f28b80f,/Users/antonkonycev/Library/Containers/Mail.Ru.DiskO.as/Data/Disk-O.as.mounts/banderas91@mail.ru-mailru/Geek/HW_Python/python_HW/.git/objects/3d/7d1b04239da7e7d33fbef8f1ff07562f28b80f,/Users/antonkonycev/Library/Containers/Mail.Ru.DiskO.as/Data/Disk-O.as.mounts/banderas91@mail.ru-mailru/Geek/HW_Python/python_HW/.git/objects/3d,file,611
bbb44c5bbac9cc4e27fd5a26ece411b5c328a6,/Users/antonkonycev/Library/Containers/Mail.Ru.DiskO.as/Data/Disk-O.as.mounts/banderas91@mail.ru-mailru/Geek/HW_Python/python_HW/.git/objects/44/bbb44c5bbac9cc4e27fd5a26ece411b5c328a6,/Users/antonkonycev/Library/Containers/Mail.Ru.DiskO.as/Data/Disk-O.as.mounts/banderas91@mail.ru-mailru/Geek/HW_Python/python_HW/.git/objects/44,file,79
588c4aeee105576f36e999a18c4a56b1034b68,/Users/antonkonycev/Library/Containers/Mail.Ru.DiskO.as/Data/Disk-O.as.mounts/banderas91@mail.ru-mailru/Geek/HW_Python/python_HW/.git/objects/49/588c4aeee105576f36e999a18c4a56b1034b68,/Users/antonkonycev/Library/Containers/Mail.Ru.DiskO.as/Data/Disk-O.as.mounts/banderas91@mail.ru-mailru/Geek/HW_Python/python_HW/.git/objects/49,file,546
d8444227589d50712715903513e10684c5be5b,/Users/antonkonycev/Library/Containers/Mail.Ru.DiskO.as/Data/Disk-O.as.mounts/banderas91@mail.ru-mailru/Geek/HW_Python/python_HW/.git/objects/4f/d8444227589d50712715903513e10684c5be5b,/Users/antonkonycev/Library/Containers/Mail.Ru.DiskO.as/Data/Disk-O.as.mounts/banderas91@mail.ru-mailru/Geek/HW_Python/python_HW/.git/objects/4f,file,374
8c8d7daccc7c9d6919cfbce355c027c268b9a3,/Users/antonkonycev/Library/Containers/Mail.Ru.DiskO.as/Data/Disk-O.as.mounts/banderas91@mail.ru-mailru/Geek/HW_Python/python_HW/.git/objects/50/8c8d7daccc7c9d6919cfbce355c027c268b9a3,/Users/antonkonycev/Library/Containers/Mail.Ru.DiskO.as/Data/Disk-O.as.mounts/banderas91@mail.ru-mailru/Geek/HW_Python/python_HW/.git/objects/50,file,825
b09b4243aeeacb0eb1adc1aa595f672befcfd1,/Users/antonkonycev/Library/Containers/Mail.Ru.DiskO.as/Data/Disk-O.as.mounts/banderas91@mail.ru-mailru/Geek/HW_Python/python_HW/.git/objects/50/b09b4243aeeacb0eb1adc1aa595f672befcfd1,/Users/antonkonycev/Library/Containers/Mail.Ru.DiskO.as/Data/Disk-O.as.mounts/banderas91@mail.ru-mailru/Geek/HW_Python/python_HW/.git/objects/50,file,555
21cca1ae22b688664ea06cbaabb051eb328824,/Users/antonkonycev/Library/Containers/Mail.Ru.DiskO.as/Data/Disk-O.as.mounts/banderas91@mail.ru-mailru/Geek/HW_Python/python_HW/.git/objects/56/21cca1ae22b688664ea06cbaabb051eb328824,/Users/antonkonycev/Library/Containers/Mail.Ru.DiskO.as/Data/Disk-O.as.mounts/banderas91@mail.ru-mailru/Geek/HW_Python/python_HW/.git/objects/56,file,99
d8b0ed1a29f577925b365adad237934a3555bb,/Users/antonkonycev/Library/Containers/Mail.Ru.DiskO.as/Data/Disk-O.as.mounts/banderas91@mail.ru-mailru/Geek/HW_Python/python_HW/.git/objects/60/d8b0ed1a29f577925b365adad237934a3555bb,/Users/antonkonycev/Library/Containers/Mail.Ru.DiskO.as/Data/Disk-O.as.mounts/banderas91@mail.ru-mailru/Geek/HW_Python/python_HW/.git/objects/60,file,612
9c542c967796a65f4e83da4354840668e158e2,/Users/antonkonycev/Library/Containers/Mail.Ru.DiskO.as/Data/Disk-O.as.mounts/banderas91@mail.ru-mailru/Geek/HW_Python/python_HW/.git/objects/6e/9c542c967796a65f4e83da4354840668e158e2,/Users/antonkonycev/Library/Containers/Mail.Ru.DiskO.as/Data/Disk-O.as.mounts/banderas91@mail.ru-mailru/Geek/HW_Python/python_HW/.git/objects/6e,file,136
7a44aa44984b6cabbff38e25b50acd65a72396,/Users/antonkonycev/Library/Containers/Mail.Ru.DiskO.as/Data/Disk-O.as.mounts/banderas91@mail.ru-mailru/Geek/HW_Python/python_HW/.git/objects/70/7a44aa44984b6cabbff38e25b50acd65a72396,/Users/antonkonycev/Library/Containers/Mail.Ru.DiskO.as/Data/Disk-O.as.mounts/banderas91@mail.ru-mailru/Geek/HW_Python/python_HW/.git/objects/70,file,485
018ef491df5a3279e02ed5eed3ab3b6f46cb4a,/Users/antonkonycev/Library/Containers/Mail.Ru.DiskO.as/Data/Disk-O.as.mounts/banderas91@mail.ru-mailru/Geek/HW_Python/python_HW/.git/objects/74/018ef491df5a3279e02ed5eed3ab3b6f46cb4a,/Users/antonkonycev/Library/Containers/Mail.Ru.DiskO.as/Data/Disk-O.as.mounts/banderas91@mail.ru-mailru/Geek/HW_Python/python_HW/.git/objects/74,file,157
c80d83008de3dc5b7771553554204e38bc16e9,/Users/antonkonycev/Library/Containers/Mail.Ru.DiskO.as/Data/Disk-O.as.mounts/banderas91@mail.ru-mailru/Geek/HW_Python/python_HW/.git/objects/75/c80d83008de3dc5b7771553554204e38bc16e9,/Users/antonkonycev/Library/Containers/Mail.Ru.DiskO.as/Data/Disk-O.as.mounts/banderas91@mail.ru-mailru/Geek/HW_Python/python_HW/.git/objects/75,file,470
55aa0eeac3d3284a9e3a2206a1dfd8e5f20155,/Users/antonkonycev/Library/Containers/Mail.Ru.DiskO.as/Data/Disk-O.as.mounts/banderas91@mail.ru-mailru/Geek/HW_Python/python_HW/.git/objects/76/55aa0eeac3d3284a9e3a2206a1dfd8e5f20155,/Users/antonkonycev/Library/Containers/Mail.Ru.DiskO.as/Data/Disk-O.as.mounts/banderas91@mail.ru-mailru/Geek/HW_Python/python_HW/.git/objects/76,file,384
fc2d0e902863183744da29fb61689b7dea0076,/Users/antonkonycev/Library/Containers/Mail.Ru.DiskO.as/Data/Disk-O.as.mounts/banderas91@mail.ru-mailru/Geek/HW_Python/python_HW/.git/objects/76/fc2d0e902863183744da29fb61689b7dea0076,/Users/antonkonycev/Library/Containers/Mail.Ru.DiskO.as/Data/Disk-O.as.mounts/banderas91@mail.ru-mailru/Geek/HW_Python/python_HW/.git/objects/76,file,186
22640e21cdd40ebba6bedc514090b7c3041b58,/Users/antonkonycev/Library/Containers/Mail.Ru.DiskO.as/Data/Disk-O.as.mounts/banderas91@mail.ru-mailru/Geek/HW_Python/python_HW/.git/objects/78/22640e21cdd40ebba6bedc514090b7c3041b58,/Users/antonkonycev/Library/Containers/Mail.Ru.DiskO.as/Data/Disk-O.as.mounts/banderas91@mail.ru-mailru/Geek/HW_Python/python_HW/.git/objects/78,file,84
706ffee237192f40e5162249238ca17672a201,/Users/antonkonycev/Library/Containers/Mail.Ru.DiskO.as/Data/Disk-O.as.mounts/banderas91@mail.ru-mailru/Geek/HW_Python/python_HW/.git/objects/80/706ffee237192f40e5162249238ca17672a201,/Users/antonkonycev/Library/Containers/Mail.Ru.DiskO.as/Data/Disk-O.as.mounts/banderas91@mail.ru-mailru/Geek/HW_Python/python_HW/.git/objects/80,file,323
3d91225e611f8404337250224367ca37c4a443,/Users/antonkonycev/Library/Containers/Mail.Ru.DiskO.as/Data/Disk-O.as.mounts/banderas91@mail.ru-mailru/Geek/HW_Python/python_HW/.git/objects/84/3d91225e611f8404337250224367ca37c4a443,/Users/antonkonycev/Library/Containers/Mail.Ru.DiskO.as/Data/Disk-O.as.mounts/banderas91@mail.ru-mailru/Geek/HW_Python/python_HW/.git/objects/84,file,153
ece775d7a534560ef7e95b5580ee2a5016dde1,/Users/antonkonycev/Library/Containers/Mail.Ru.DiskO.as/Data/Disk-O.as.mounts/banderas91@mail.ru-mailru/Geek/HW_Python/python_HW/.git/objects/87/ece775d7a534560ef7e95b5580ee2a5016dde1,/Users/antonkonycev/Library/Containers/Mail.Ru.DiskO.as/Data/Disk-O.as.mounts/banderas91@mail.ru-mailru/Geek/HW_Python/python_HW/.git/objects/87,file,153
a84bbaf877c30a650d903400700287fadf8055,/Users/antonkonycev/Library/Containers/Mail.Ru.DiskO.as/Data/Disk-O.as.mounts/banderas91@mail.ru-mailru/Geek/HW_Python/python_HW/.git/objects/8a/a84bbaf877c30a650d903400700287fadf8055,/Users/antonkonycev/Library/Containers/Mail.Ru.DiskO.as/Data/Disk-O.as.mounts/banderas91@mail.ru-mailru/Geek/HW_Python/python_HW/.git/objects/8a,file,614
243a001f76d7fa917dab48ec4f14c1f4329c35,/Users/antonkonycev/Library/Containers/Mail.Ru.DiskO.as/Data/Disk-O.as.mounts/banderas91@mail.ru-mailru/Geek/HW_Python/python_HW/.git/objects/8e/243a001f76d7fa917dab48ec4f14c1f4329c35,/Users/antonkonycev/Library/Containers/Mail.Ru.DiskO.as/Data/Disk-O.as.mounts/banderas91@mail.ru-mailru/Geek/HW_Python/python_HW/.git/objects/8e,file,99
5913dadf1d990e1bcb0e86c8a3df1059ed98e4,/Users/antonkonycev/Library/Containers/Mail.Ru.DiskO.as/Data/Disk-O.as.mounts/banderas91@mail.ru-mailru/Geek/HW_Python/python_HW/.git/objects/8f/5913dadf1d990e1bcb0e86c8a3df1059ed98e4,/Users/antonkonycev/Library/Containers/Mail.Ru.DiskO.as/Data/Disk-O.as.mounts/banderas91@mail.ru-mailru/Geek/HW_Python/python_HW/.git/objects/8f,file,192
f0bf15fde9a5f7686b3b5012d4ea94464732bf,/Users/antonkonycev/Library/Containers/Mail.Ru.DiskO.as/Data/Disk-O.as.mounts/banderas91@mail.ru-mailru/Geek/HW_Python/python_HW/.git/objects/95/f0bf15fde9a5f7686b3b5012d4ea94464732bf,/Users/antonkonycev/Library/Containers/Mail.Ru.DiskO.as/Data/Disk-O.as.mounts/banderas91@mail.ru-mailru/Geek/HW_Python/python_HW/.git/objects/95,file,133
299bc98a0e94a312577aa3d838dd28bccd4c76,/Users/antonkonycev/Library/Containers/Mail.Ru.DiskO.as/Data/Disk-O.as.mounts/banderas91@mail.ru-mailru/Geek/HW_Python/python_HW/.git/objects/9b/299bc98a0e94a312577aa3d838dd28bccd4c76,/Users/antonkonycev/Library/Containers/Mail.Ru.DiskO.as/Data/Disk-O.as.mounts/banderas91@mail.ru-mailru/Geek/HW_Python/python_HW/.git/objects/9b,file,623
a218ef198ac68d0d3ca43381c95201e7f94438,/Users/antonkonycev/Library/Containers/Mail.Ru.DiskO.as/Data/Disk-O.as.mounts/banderas91@mail.ru-mailru/Geek/HW_Python/python_HW/.git/objects/9b/a218ef198ac68d0d3ca43381c95201e7f94438,/Users/antonkonycev/Library/Containers/Mail.Ru.DiskO.as/Data/Disk-O.as.mounts/banderas91@mail.ru-mailru/Geek/HW_Python/python_HW/.git/objects/9b,file,213
e54b956dbc27826d01453b699e5ab958d6c2dc,/Users/antonkonycev/Library/Containers/Mail.Ru.DiskO.as/Data/Disk-O.as.mounts/banderas91@mail.ru-mailru/Geek/HW_Python/python_HW/.git/objects/a0/e54b956dbc27826d01453b699e5ab958d6c2dc,/Users/antonkonycev/Library/Containers/Mail.Ru.DiskO.as/Data/Disk-O.as.mounts/banderas91@mail.ru-mailru/Geek/HW_Python/python_HW/.git/objects/a0,file,658
039ec1470adcb96857507b564a1bbb39332f3e,/Users/antonkonycev/Library/Containers/Mail.Ru.DiskO.as/Data/Disk-O.as.mounts/banderas91@mail.ru-mailru/Geek/HW_Python/python_HW/.git/objects/a6/039ec1470adcb96857507b564a1bbb39332f3e,/Users/antonkonycev/Library/Containers/Mail.Ru.DiskO.as/Data/Disk-O.as.mounts/banderas91@mail.ru-mailru/Geek/HW_Python/python_HW/.git/objects/a6,file,67
aea162e33572ac7bd32817a93f21acc9b0097d,/Users/antonkonycev/Library/Containers/Mail.Ru.DiskO.as/Data/Disk-O.as.mounts/banderas91@mail.ru-mailru/Geek/HW_Python/python_HW/.git/objects/a6/aea162e33572ac7bd32817a93f21acc9b0097d,/Users/antonkonycev/Library/Containers/Mail.Ru.DiskO.as/Data/Disk-O.as.mounts/banderas91@mail.ru-mailru/Geek/HW_Python/python_HW/.git/objects/a6,file,123
0933fe24048f046e8fc5df95904ecb3e4a34a2,/Users/antonkonycev/Library/Containers/Mail.Ru.DiskO.as/Data/Disk-O.as.mounts/banderas91@mail.ru-mailru/Geek/HW_Python/python_HW/.git/objects/b2/0933fe24048f046e8fc5df95904ecb3e4a34a2,/Users/antonkonycev/Library/Containers/Mail.Ru.DiskO.as/Data/Disk-O.as.mounts/banderas91@mail.ru-mailru/Geek/HW_Python/python_HW/.git/objects/b2,file,194
dd38ea8882c1a6be27d45fa7bfc63d3862dc32,/Users/antonkonycev/Library/Containers/Mail.Ru.DiskO.as/Data/Disk-O.as.mounts/banderas91@mail.ru-mailru/Geek/HW_Python/python_HW/.git/objects/b8/dd38ea8882c1a6be27d45fa7bfc63d3862dc32,/Users/antonkonycev/Library/Containers/Mail.Ru.DiskO.as/Data/Disk-O.as.mounts/banderas91@mail.ru-mailru/Geek/HW_Python/python_HW/.git/objects/b8,file,132
5e1755605a1eb4136b9e191197e23212a5d117,/Users/antonkonycev/Library/Containers/Mail.Ru.DiskO.as/Data/Disk-O.as.mounts/banderas91@mail.ru-mailru/Geek/HW_Python/python_HW/.git/objects/ba/5e1755605a1eb4136b9e191197e23212a5d117,/Users/antonkonycev/Library/Containers/Mail.Ru.DiskO.as/Data/Disk-O.as.mounts/banderas91@mail.ru-mailru/Geek/HW_Python/python_HW/.git/objects/ba,file,85
1d1ad0d65cfd0850e8e16787854004cdde52e1,/Users/antonkonycev/Library/Containers/Mail.Ru.DiskO.as/Data/Disk-O.as.mounts/banderas91@mail.ru-mailru/Geek/HW_Python/python_HW/.git/objects/c4/1d1ad0d65cfd0850e8e16787854004cdde52e1,/Users/antonkonycev/Library/Containers/Mail.Ru.DiskO.as/Data/Disk-O.as.mounts/banderas91@mail.ru-mailru/Geek/HW_Python/python_HW/.git/objects/c4,file,489
c820de6f2e4ba2b9a6cb6af50c7359621f60c4,/Users/antonkonycev/Library/Containers/Mail.Ru.DiskO.as/Data/Disk-O.as.mounts/banderas91@mail.ru-mailru/Geek/HW_Python/python_HW/.git/objects/c9/c820de6f2e4ba2b9a6cb6af50c7359621f60c4,/Users/antonkonycev/Library/Containers/Mail.Ru.DiskO.as/Data/Disk-O.as.mounts/banderas91@mail.ru-mailru/Geek/HW_Python/python_HW/.git/objects/c9,file,110
c2dd09e9d914375dc933652743c65b0819f3ef,/Users/antonkonycev/Library/Containers/Mail.Ru.DiskO.as/Data/Disk-O.as.mounts/banderas91@mail.ru-mailru/Geek/HW_Python/python_HW/.git/objects/ca/c2dd09e9d914375dc933652743c65b0819f3ef,/Users/antonkonycev/Library/Containers/Mail.Ru.DiskO.as/Data/Disk-O.as.mounts/banderas91@mail.ru-mailru/Geek/HW_Python/python_HW/.git/objects/ca,file,268
593ae430fd0bb3a9e17461e92d6c28b0080792,/Users/antonkonycev/Library/Containers/Mail.Ru.DiskO.as/Data/Disk-O.as.mounts/banderas91@mail.ru-mailru/Geek/HW_Python/python_HW/.git/objects/cd/593ae430fd0bb3a9e17461e92d6c28b0080792,/Users/antonkonycev/Library/Containers/Mail.Ru.DiskO.as/Data/Disk-O.as.mounts/banderas91@mail.ru-mailru/Geek/HW_Python/python_HW/.git/objects/cd,file,612
b3ae273df46a8e48bc90f732ed4d4ed6ae11d2,/Users/antonkonycev/Library/Containers/Mail.Ru.DiskO.as/Data/Disk-O.as.mounts/banderas91@mail.ru-mailru/Geek/HW_Python/python_HW/.git/objects/d0/b3ae273df46a8e48bc90f732ed4d4ed6ae11d2,/Users/antonkonycev/Library/Containers/Mail.Ru.DiskO.as/Data/Disk-O.as.mounts/banderas91@mail.ru-mailru/Geek/HW_Python/python_HW/.git/objects/d0,file,150
752aa9181d6399a971349ae779472f79564cc1,/Users/antonkonycev/Library/Containers/Mail.Ru.DiskO.as/Data/Disk-O.as.mounts/banderas91@mail.ru-mailru/Geek/HW_Python/python_HW/.git/objects/d4/752aa9181d6399a971349ae779472f79564cc1,/Users/antonkonycev/Library/Containers/Mail.Ru.DiskO.as/Data/Disk-O.as.mounts/banderas91@mail.ru-mailru/Geek/HW_Python/python_HW/.git/objects/d4,file,21
89ea0a9a410248abf630f71c998c065925e66e,/Users/antonkonycev/Library/Containers/Mail.Ru.DiskO.as/Data/Disk-O.as.mounts/banderas91@mail.ru-mailru/Geek/HW_Python/python_HW/.git/objects/d4/89ea0a9a410248abf630f71c998c065925e66e,/Users/antonkonycev/Library/Containers/Mail.Ru.DiskO.as/Data/Disk-O.as.mounts/banderas91@mail.ru-mailru/Geek/HW_Python/python_HW/.git/objects/d4,file,153
8e25fa8ce9246c44ae135391a5076e29e07cac,/Users/antonkonycev/Library/Containers/Mail.Ru.DiskO.as/Data/Disk-O.as.mounts/banderas91@mail.ru-mailru/Geek/HW_Python/python_HW/.git/objects/d4/8e25fa8ce9246c44ae135391a5076e29e07cac,/Users/antonkonycev/Library/Containers/Mail.Ru.DiskO.as/Data/Disk-O.as.mounts/banderas91@mail.ru-mailru/Geek/HW_Python/python_HW/.git/objects/d4,file,444
cd4ef2e5ee984af622f10cd7a21791d4203c21,/Users/antonkonycev/Library/Containers/Mail.Ru.DiskO.as/Data/Disk-O.as.mounts/banderas91@mail.ru-mailru/Geek/HW_Python/python_HW/.git/objects/d5/cd4ef2e5ee984af622f10cd7a21791d4203c21,/Users/antonkonycev/Library/Containers/Mail.Ru.DiskO.as/Data/Disk-O.as.mounts/banderas91@mail.ru-mailru/Geek/HW_Python/python_HW/.git/objects/d5,file,27
5109d92b5efd8e3d2f3bc25701816a631bc496,/Users/antonkonycev/Library/Containers/Mail.Ru.DiskO.as/Data/Disk-O.as.mounts/banderas91@mail.ru-mailru/Geek/HW_Python/python_HW/.git/objects/df/5109d92b5efd8e3d2f3bc25701816a631bc496,/Users/antonkonycev/Library/Containers/Mail.Ru.DiskO.as/Data/Disk-O.as.mounts/banderas91@mail.ru-mailru/Geek/HW_Python/python_HW/.git/objects/df,file,563
9faf220d1c8a48dac2fbbe32b86487393faa7b,/Users/antonkonycev/Library/Containers/Mail.Ru.DiskO.as/Data/Disk-O.as.mounts/banderas91@mail.ru-mailru/Geek/HW_Python/python_HW/.git/objects/e0/9faf220d1c8a48dac2fbbe32b86487393faa7b,/Users/antonkonycev/Library/Containers/Mail.Ru.DiskO.as/Data/Disk-O.as.mounts/banderas91@mail.ru-mailru/Geek/HW_Python/python_HW/.git/objects/e0,file,161
107708d3783655034dbccb264e9c30ef87c561,/Users/antonkonycev/Library/Containers/Mail.Ru.DiskO.as/Data/Disk-O.as.mounts/banderas91@mail.ru-mailru/Geek/HW_Python/python_HW/.git/objects/e2/107708d3783655034dbccb264e9c30ef87c561,/Users/antonkonycev/Library/Containers/Mail.Ru.DiskO.as/Data/Disk-O.as.mounts/banderas91@mail.ru-mailru/Geek/HW_Python/python_HW/.git/objects/e2,file,447
44daed412947f78cbfd4b8a9c56796b5a84022,/Users/antonkonycev/Library/Containers/Mail.Ru.DiskO.as/Data/Disk-O.as.mounts/banderas91@mail.ru-mailru/Geek/HW_Python/python_HW/.git/objects/e6/44daed412947f78cbfd4b8a9c56796b5a84022,/Users/antonkonycev/Library/Containers/Mail.Ru.DiskO.as/Data/Disk-O.as.mounts/banderas91@mail.ru-mailru/Geek/HW_Python/python_HW/.git/objects/e6,file,243
58af96997f7df6d7fc7637a998ce60029dbd78,/Users/antonkonycev/Library/Containers/Mail.Ru.DiskO.as/Data/Disk-O.as.mounts/banderas91@mail.ru-mailru/Geek/HW_Python/python_HW/.git/objects/e7/58af96997f7df6d7fc7637a998ce60029dbd78,/Users/antonkonycev/Library/Containers/Mail.Ru.DiskO.as/Data/Disk-O.as.mounts/banderas91@mail.ru-mailru/Geek/HW_Python/python_HW/.git/objects/e7,file,108
890c8dacc97a0e796c0ed0560ea98f3e29824e,/Users/antonkonycev/Library/Containers/Mail.Ru.DiskO.as/Data/Disk-O.as.mounts/banderas91@mail.ru-mailru/Geek/HW_Python/python_HW/.git/objects/e8/890c8dacc97a0e796c0ed0560ea98f3e29824e,/Users/antonkonycev/Library/Containers/Mail.Ru.DiskO.as/Data/Disk-O.as.mounts/banderas91@mail.ru-mailru/Geek/HW_Python/python_HW/.git/objects/e8,file,268
85bb4f9106cc9513f8857c0b95a26a94a88a58,/Users/antonkonycev/Library/Containers/Mail.Ru.DiskO.as/Data/Disk-O.as.mounts/banderas91@mail.ru-mailru/Geek/HW_Python/python_HW/.git/objects/e9/85bb4f9106cc9513f8857c0b95a26a94a88a58,/Users/antonkonycev/Library/Containers/Mail.Ru.DiskO.as/Data/Disk-O.as.mounts/banderas91@mail.ru-mailru/Geek/HW_Python/python_HW/.git/objects/e9,file,415
cf6a994007219b8ad5a3ca5be90fa1d6406852,/Users/antonkonycev/Library/Containers/Mail.Ru.DiskO.as/Data/Disk-O.as.mounts/banderas91@mail.ru-mailru/Geek/HW_Python/python_HW/.git/objects/ed/cf6a994007219b8ad5a3ca5be90fa1d6406852,/Users/antonkonycev/Library/Containers/Mail.Ru.DiskO.as/Data/Disk-O.as.mounts/banderas91@mail.ru-mailru/Geek/HW_Python/python_HW/.git/objects/ed,file,106
d9b87b2079fc28acc8053602bae1935431c1de,/Users/antonkonycev/Library/Containers/Mail.Ru.DiskO.as/Data/Disk-O.as.mounts/banderas91@mail.ru-mailru/Geek/HW_Python/python_HW/.git/objects/fa/d9b87b2079fc28acc8053602bae1935431c1de,/Users/antonkonycev/Library/Containers/Mail.Ru.DiskO.as/Data/Disk-O.as.mounts/banderas91@mail.ru-mailru/Geek/HW_Python/python_HW/.git/objects/fa,file,122
9dca64a5c3edaff71844b0f54c330912b5f0be,/Users/antonkonycev/Library/Containers/Mail.Ru.DiskO.as/Data/Disk-O.as.mounts/banderas91@mail.ru-mailru/Geek/HW_Python/python_HW/.git/objects/fc/9dca64a5c3edaff71844b0f54c330912b5f0be,/Users/antonkonycev/Library/Containers/Mail.Ru.DiskO.as/Data/Disk-O.as.mounts/banderas91@mail.ru-mailru/Geek/HW_Python/python_HW/.git/objects/fc,file,136
3ba8f7554cbd40623804fd4495a6ee6622991f,/Users/antonkonycev/Library/Containers/Mail.Ru.DiskO.as/Data/Disk-O.as.mounts/banderas91@mail.ru-mailru/Geek/HW_Python/python_HW/.git/objects/ff/3ba8f7554cbd40623804fd4495a6ee6622991f,/Users/antonkonycev/Library/Containers/Mail.Ru.DiskO.as/Data/Disk-O.as.mounts/banderas91@mail.ru-mailru/Geek/HW_Python/python_HW/.git/objects/ff,file,134
ec7527d6b640532b91faf4ef0b61de187c564a,/Users/antonkonycev/Library/Containers/Mail.Ru.DiskO.as/Data/Disk-O.as.mounts/banderas91@mail.ru-mailru/Geek/HW_Python/python_HW/.git/objects/ff/ec7527d6b640532b91faf4ef0b61de187c564a,/Users/antonkonycev/Library/Containers/Mail.Ru.DiskO.as/Data/Disk-O.as.mounts/banderas91@mail.ru-mailru/Geek/HW_Python/python_HW/.git/objects/ff,file,160
pack-970487706ca8624aad7bc80fc45dcab116765833.idx,/Users/antonkonycev/Library/Containers/Mail.Ru.DiskO.as/Data/Disk-O.as.mounts/banderas91@mail.ru-mailru/Geek/HW_Python/python_HW/.git/objects/pack/pack-970487706ca8624aad7bc80fc45dcab116765833.idx,/Users/antonkonycev/Library/Containers/Mail.Ru.DiskO.as/Data/Disk-O.as.mounts/banderas91@mail.ru-mailru/Geek/HW_Python/python_HW/.git/objects/pack,file,1156
pack-970487706ca8624aad7bc80fc45dcab116765833.pack,/Users/antonkonycev/Library/Containers/Mail.Ru.DiskO.as/Data/Disk-O.as.mounts/banderas91@mail.ru-mailru/Geek/HW_Python/python_HW/.git/objects/pack/pack-970487706ca8624aad7bc80fc45dcab116765833.pack,/Users/antonkonycev/Library/Containers/Mail.Ru.DiskO.as/Data/Disk-O.as.mounts/banderas91@mail.ru-mailru/Geek/HW_Python/python_HW/.git/objects/pack,file,614
heads,/Users/antonkonycev/Library/Containers/Mail.Ru.DiskO.as/Data/Disk-O.as.mounts/banderas91@mail.ru-mailru/Geek/HW_Python/python_HW/.git/refs/heads,/Users/antonkonycev/Library/Containers/Mail.Ru.DiskO.as/Data/Disk-O.as.mounts/banderas91@mail.ru-mailru/Geek/HW_Python/python_HW/.git/refs,directory,369
remotes,/Users/antonkonycev/Library/Containers/Mail.Ru.DiskO.as/Data/Disk-O.as.mounts/banderas91@mail.ru-mailru/Geek/HW_Python/python_HW/.git/refs/remotes,/Users/antonkonycev/Library/Containers/Mail.Ru.DiskO.as/Data/Disk-O.as.mounts/banderas91@mail.ru-mailru/Geek/HW_Python/python_HW/.git/refs,directory,399
tags,/Users/antonkonycev/Library/Containers/Mail.Ru.DiskO.as/Data/Disk-O.as.mounts/banderas91@mail.ru-mailru/Geek/HW_Python/python_HW/.git/refs/tags,/Users/antonkonycev/Library/Containers/Mail.Ru.DiskO.as/Data/Disk-O.as.mounts/banderas91@mail.ru-mailru/Geek/HW_Python/python_HW/.git/refs,directory,0
HW_1,/Users/antonkonycev/Library/Containers/Mail.Ru.DiskO.as/Data/Disk-O.as.mounts/banderas91@mail.ru-mailru/Geek/HW_Python/python_HW/.git/refs/heads/HW_1,/Users/antonkonycev/Library/Containers/Mail.Ru.DiskO.as/Data/Disk-O.as.mounts/banderas91@mail.ru-mailru/Geek/HW_Python/python_HW/.git/refs/heads,file,41
HW_2,/Users/antonkonycev/Library/Containers/Mail.Ru.DiskO.as/Data/Disk-O.as.mounts/banderas91@mail.ru-mailru/Geek/HW_Python/python_HW/.git/refs/heads/HW_2,/Users/antonkonycev/Library/Containers/Mail.Ru.DiskO.as/Data/Disk-O.as.mounts/banderas91@mail.ru-mailru/Geek/HW_Python/python_HW/.git/refs/heads,file,41
HW_3,/Users/antonkonycev/Library/Containers/Mail.Ru.DiskO.as/Data/Disk-O.as.mounts/banderas91@mail.ru-mailru/Geek/HW_Python/python_HW/.git/refs/heads/HW_3,/Users/antonkonycev/Library/Containers/Mail.Ru.DiskO.as/Data/Disk-O.as.mounts/banderas91@mail.ru-mailru/Geek/HW_Python/python_HW/.git/refs/heads,file,41
HW_4,/Users/antonkonycev/Library/Containers/Mail.Ru.DiskO.as/Data/Disk-O.as.mounts/banderas91@mail.ru-mailru/Geek/HW_Python/python_HW/.git/refs/heads/HW_4,/Users/antonkonycev/Library/Containers/Mail.Ru.DiskO.as/Data/Disk-O.as.mounts/banderas91@mail.ru-mailru/Geek/HW_Python/python_HW/.git/refs/heads,file,41
HW_5,/Users/antonkonycev/Library/Containers/Mail.Ru.DiskO.as/Data/Disk-O.as.mounts/banderas91@mail.ru-mailru/Geek/HW_Python/python_HW/.git/refs/heads/HW_5,/Users/antonkonycev/Library/Containers/Mail.Ru.DiskO.as/Data/Disk-O.as.mounts/banderas91@mail.ru-mailru/Geek/HW_Python/python_HW/.git/refs/heads,file,41
HW_6,/Users/antonkonycev/Library/Containers/Mail.Ru.DiskO.as/Data/Disk-O.as.mounts/banderas91@mail.ru-mailru/Geek/HW_Python/python_HW/.git/refs/heads/HW_6,/Users/antonkonycev/Library/Containers/Mail.Ru.DiskO.as/Data/Disk-O.as.mounts/banderas91@mail.ru-mailru/Geek/HW_Python/python_HW/.git/refs/heads,file,41
HW_7,/Users/antonkonycev/Library/Containers/Mail.Ru.DiskO.as/Data/Disk-O.as.mounts/banderas91@mail.ru-mailru/Geek/HW_Python/python_HW/.git/refs/heads/HW_7,/Users/antonkonycev/Library/Containers/Mail.Ru.DiskO.as/Data/Disk-O.as.mounts/banderas91@mail.ru-mailru/Geek/HW_Python/python_HW/.git/refs/heads,file,41
HW_8,/Users/antonkonycev/Library/Containers/Mail.Ru.DiskO.as/Data/Disk-O.as.mounts/banderas91@mail.ru-mailru/Geek/HW_Python/python_HW/.git/refs/heads/HW_8,/Users/antonkonycev/Library/Containers/Mail.Ru.DiskO.as/Data/Disk-O.as.mounts/banderas91@mail.ru-mailru/Geek/HW_Python/python_HW/.git/refs/heads,file,41
main,/Users/antonkonycev/Library/Containers/Mail.Ru.DiskO.as/Data/Disk-O.as.mounts/banderas91@mail.ru-mailru/Geek/HW_Python/python_HW/.git/refs/heads/main,/Users/antonkonycev/Library/Containers/Mail.Ru.DiskO.as/Data/Disk-O.as.mounts/banderas91@mail.ru-mailru/Geek/HW_Python/python_HW/.git/refs/heads,file,41
origin,/Users/antonkonycev/Library/Containers/Mail.Ru.DiskO.as/Data/Disk-O.as.mounts/banderas91@mail.ru-mailru/Geek/HW_Python/python_HW/.git/refs/remotes/origin,/Users/antonkonycev/Library/Containers/Mail.Ru.DiskO.as/Data/Disk-O.as.mounts/banderas91@mail.ru-mailru/Geek/HW_Python/python_HW/.git/refs/remotes,directory,399
HEAD,/Users/antonkonycev/Library/Containers/Mail.Ru.DiskO.as/Data/Disk-O.as.mounts/banderas91@mail.ru-mailru/Geek/HW_Python/python_HW/.git/refs/remotes/origin/HEAD,/Users/antonkonycev/Library/Containers/Mail.Ru.DiskO.as/Data/Disk-O.as.mounts/banderas91@mail.ru-mailru/Geek/HW_Python/python_HW/.git/refs/remotes/origin,file,30
HW_1,/Users/antonkonycev/Library/Containers/Mail.Ru.DiskO.as/Data/Disk-O.as.mounts/banderas91@mail.ru-mailru/Geek/HW_Python/python_HW/.git/refs/remotes/origin/HW_1,/Users/antonkonycev/Library/Containers/Mail.Ru.DiskO.as/Data/Disk-O.as.mounts/banderas91@mail.ru-mailru/Geek/HW_Python/python_HW/.git/refs/remotes/origin,file,41
HW_2,/Users/antonkonycev/Library/Containers/Mail.Ru.DiskO.as/Data/Disk-O.as.mounts/banderas91@mail.ru-mailru/Geek/HW_Python/python_HW/.git/refs/remotes/origin/HW_2,/Users/antonkonycev/Library/Containers/Mail.Ru.DiskO.as/Data/Disk-O.as.mounts/banderas91@mail.ru-mailru/Geek/HW_Python/python_HW/.git/refs/remotes/origin,file,41
HW_3,/Users/antonkonycev/Library/Containers/Mail.Ru.DiskO.as/Data/Disk-O.as.mounts/banderas91@mail.ru-mailru/Geek/HW_Python/python_HW/.git/refs/remotes/origin/HW_3,/Users/antonkonycev/Library/Containers/Mail.Ru.DiskO.as/Data/Disk-O.as.mounts/banderas91@mail.ru-mailru/Geek/HW_Python/python_HW/.git/refs/remotes/origin,file,41
HW_4,/Users/antonkonycev/Library/Containers/Mail.Ru.DiskO.as/Data/Disk-O.as.mounts/banderas91@mail.ru-mailru/Geek/HW_Python/python_HW/.git/refs/remotes/origin/HW_4,/Users/antonkonycev/Library/Containers/Mail.Ru.DiskO.as/Data/Disk-O.as.mounts/banderas91@mail.ru-mailru/Geek/HW_Python/python_HW/.git/refs/remotes/origin,file,41
HW_5,/Users/antonkonycev/Library/Containers/Mail.Ru.DiskO.as/Data/Disk-O.as.mounts/banderas91@mail.ru-mailru/Geek/HW_Python/python_HW/.git/refs/remotes/origin/HW_5,/Users/antonkonycev/Library/Containers/Mail.Ru.DiskO.as/Data/Disk-O.as.mounts/banderas91@mail.ru-mailru/Geek/HW_Python/python_HW/.git/refs/remotes/origin,file,41
HW_6,/Users/antonkonycev/Library/Containers/Mail.Ru.DiskO.as/Data/Disk-O.as.mounts/banderas91@mail.ru-mailru/Geek/HW_Python/python_HW/.git/refs/remotes/origin/HW_6,/Users/antonkonycev/Library/Containers/Mail.Ru.DiskO.as/Data/Disk-O.as.mounts/banderas91@mail.ru-mailru/Geek/HW_Python/python_HW/.git/refs/remotes/origin,file,41
HW_7,/Users/antonkonycev/Library/Containers/Mail.Ru.DiskO.as/Data/Disk-O.as.mounts/banderas91@mail.ru-mailru/Geek/HW_Python/python_HW/.git/refs/remotes/origin/HW_7,/Users/antonkonycev/Library/Containers/Mail.Ru.DiskO.as/Data/Disk-O.as.mounts/banderas91@mail.ru-mailru/Geek/HW_Python/python_HW/.git/refs/remotes/origin,file,41
HW_8,/Users/antonkonycev/Library/Containers/Mail.Ru.DiskO.as/Data/Disk-O.as.mounts/banderas91@mail.ru-mailru/Geek/HW_Python/python_HW/.git/refs/remotes/origin/HW_8,/Users/antonkonycev/Library/Containers/Mail.Ru.DiskO.as/Data/Disk-O.as.mounts/banderas91@mail.ru-mailru/Geek/HW_Python/python_HW/.git/refs/remotes/origin,file,41
main,/Users/antonkonycev/Library/Containers/Mail.Ru.DiskO.as/Data/Disk-O.as.mounts/banderas91@mail.ru-mailru/Geek/HW_Python/python_HW/.git/refs/remotes/origin/main,/Users/antonkonycev/Library/Containers/Mail.Ru.DiskO.as/Data/Disk-O.as.mounts/banderas91@mail.ru-mailru/Geek/HW_Python/python_HW/.git/refs/remotes/origin,file,41
settings.json,/Users/antonkonycev/Library/Containers/Mail.Ru.DiskO.as/Data/Disk-O.as.mounts/banderas91@mail.ru-mailru/Geek/HW_Python/python_HW/.vscode/settings.json,/Users/antonkonycev/Library/Containers/Mail.Ru.DiskO.as/Data/Disk-O.as.mounts/banderas91@mail.ru-mailru/Geek/HW_Python/python_HW/.vscode,file,62
task_1.py,/Users/antonkonycev/Library/Containers/Mail.Ru.DiskO.as/Data/Disk-O.as.mounts/banderas91@mail.ru-mailru/Geek/HW_Python/python_HW/HW_1/task_1.py,/Users/antonkonycev/Library/Containers/Mail.Ru.DiskO.as/Data/Disk-O.as.mounts/banderas91@mail.ru-mailru/Geek/HW_Python/python_HW/HW_1,file,465
task_2.py,/Users/antonkonycev/Library/Containers/Mail.Ru.DiskO.as/Data/Disk-O.as.mounts/banderas91@mail.ru-mailru/Geek/HW_Python/python_HW/HW_1/task_2.py,/Users/antonkonycev/Library/Containers/Mail.Ru.DiskO.as/Data/Disk-O.as.mounts/banderas91@mail.ru-mailru/Geek/HW_Python/python_HW/HW_1,file,1429
task_3.py,/Users/antonkonycev/Library/Containers/Mail.Ru.DiskO.as/Data/Disk-O.as.mounts/banderas91@mail.ru-mailru/Geek/HW_Python/python_HW/HW_1/task_3.py,/Users/antonkonycev/Library/Containers/Mail.Ru.DiskO.as/Data/Disk-O.as.mounts/banderas91@mail.ru-mailru/Geek/HW_Python/python_HW/HW_1,file,994
task_5.py,/Users/antonkonycev/Library/Containers/Mail.Ru.DiskO.as/Data/Disk-O.as.mounts/banderas91@mail.ru-mailru/Geek/HW_Python/python_HW/HW_1/task_5.py,/Users/antonkonycev/Library/Containers/Mail.Ru.DiskO.as/Data/Disk-O.as.mounts/banderas91@mail.ru-mailru/Geek/HW_Python/python_HW/HW_1,file,950
task_1.py,/Users/antonkonycev/Library/Containers/Mail.Ru.DiskO.as/Data/Disk-O.as.mounts/banderas91@mail.ru-mailru/Geek/HW_Python/python_HW/HW_2/task_1.py,/Users/antonkonycev/Library/Containers/Mail.Ru.DiskO.as/Data/Disk-O.as.mounts/banderas91@mail.ru-mailru/Geek/HW_Python/python_HW/HW_2,file,606
task_2.py,/Users/antonkonycev/Library/Containers/Mail.Ru.DiskO.as/Data/Disk-O.as.mounts/banderas91@mail.ru-mailru/Geek/HW_Python/python_HW/HW_2/task_2.py,/Users/antonkonycev/Library/Containers/Mail.Ru.DiskO.as/Data/Disk-O.as.mounts/banderas91@mail.ru-mailru/Geek/HW_Python/python_HW/HW_2,file,1083
task_1.py,/Users/antonkonycev/Library/Containers/Mail.Ru.DiskO.as/Data/Disk-O.as.mounts/banderas91@mail.ru-mailru/Geek/HW_Python/python_HW/HW_3/task_1.py,/Users/antonkonycev/Library/Containers/Mail.Ru.DiskO.as/Data/Disk-O.as.mounts/banderas91@mail.ru-mailru/Geek/HW_Python/python_HW/HW_3,file,1760
task_2.py,/Users/antonkonycev/Library/Containers/Mail.Ru.DiskO.as/Data/Disk-O.as.mounts/banderas91@mail.ru-mailru/Geek/HW_Python/python_HW/HW_3/task_2.py,/Users/antonkonycev/Library/Containers/Mail.Ru.DiskO.as/Data/Disk-O.as.mounts/banderas91@mail.ru-mailru/Geek/HW_Python/python_HW/HW_3,file,584
task_3.py,/Users/antonkonycev/Library/Containers/Mail.Ru.DiskO.as/Data/Disk-O.as.mounts/banderas91@mail.ru-mailru/Geek/HW_Python/python_HW/HW_3/task_3.py,/Users/antonkonycev/Library/Containers/Mail.Ru.DiskO.as/Data/Disk-O.as.mounts/banderas91@mail.ru-mailru/Geek/HW_Python/python_HW/HW_3,file,2330
task_4.py,/Users/antonkonycev/Library/Containers/Mail.Ru.DiskO.as/Data/Disk-O.as.mounts/banderas91@mail.ru-mailru/Geek/HW_Python/python_HW/HW_3/task_4.py,/Users/antonkonycev/Library/Containers/Mail.Ru.DiskO.as/Data/Disk-O.as.mounts/banderas91@mail.ru-mailru/Geek/HW_Python/python_HW/HW_3,file,1478
task_1.py,/Users/antonkonycev/Library/Containers/Mail.Ru.DiskO.as/Data/Disk-O.as.mounts/banderas91@mail.ru-mailru/Geek/HW_Python/python_HW/HW_4/task_1.py,/Users/antonkonycev/Library/Containers/Mail.Ru.DiskO.as/Data/Disk-O.as.mounts/banderas91@mail.ru-mailru/Geek/HW_Python/python_HW/HW_4,file,900
task_2.py,/Users/antonkonycev/Library/Containers/Mail.Ru.DiskO.as/Data/Disk-O.as.mounts/banderas91@mail.ru-mailru/Geek/HW_Python/python_HW/HW_4/task_2.py,/Users/antonkonycev/Library/Containers/Mail.Ru.DiskO.as/Data/Disk-O.as.mounts/banderas91@mail.ru-mailru/Geek/HW_Python/python_HW/HW_4,file,268
task_3.py,/Users/antonkonycev/Library/Containers/Mail.Ru.DiskO.as/Data/Disk-O.as.mounts/banderas91@mail.ru-mailru/Geek/HW_Python/python_HW/HW_4/task_3.py,/Users/antonkonycev/Library/Containers/Mail.Ru.DiskO.as/Data/Disk-O.as.mounts/banderas91@mail.ru-mailru/Geek/HW_Python/python_HW/HW_4,file,673
task_4.py,/Users/antonkonycev/Library/Containers/Mail.Ru.DiskO.as/Data/Disk-O.as.mounts/banderas91@mail.ru-mailru/Geek/HW_Python/python_HW/HW_4/task_4.py,/Users/antonkonycev/Library/Containers/Mail.Ru.DiskO.as/Data/Disk-O.as.mounts/banderas91@mail.ru-mailru/Geek/HW_Python/python_HW/HW_4,file,2596
task_1.py,/Users/antonkonycev/Library/Containers/Mail.Ru.DiskO.as/Data/Disk-O.as.mounts/banderas91@mail.ru-mailru/Geek/HW_Python/python_HW/HW_5/task_1.py,/Users/antonkonycev/Library/Containers/Mail.Ru.DiskO.as/Data/Disk-O.as.mounts/banderas91@mail.ru-mailru/Geek/HW_Python/python_HW/HW_5,file,604
task_2.py,/Users/antonkonycev/Library/Containers/Mail.Ru.DiskO.as/Data/Disk-O.as.mounts/banderas91@mail.ru-mailru/Geek/HW_Python/python_HW/HW_5/task_2.py,/Users/antonkonycev/Library/Containers/Mail.Ru.DiskO.as/Data/Disk-O.as.mounts/banderas91@mail.ru-mailru/Geek/HW_Python/python_HW/HW_5,file,805
task_3.py,/Users/antonkonycev/Library/Containers/Mail.Ru.DiskO.as/Data/Disk-O.as.mounts/banderas91@mail.ru-mailru/Geek/HW_Python/python_HW/HW_5/task_3.py,/Users/antonkonycev/Library/Containers/Mail.Ru.DiskO.as/Data/Disk-O.as.mounts/banderas91@mail.ru-mailru/Geek/HW_Python/python_HW/HW_5,file,149
chess.py,/Users/antonkonycev/Library/Containers/Mail.Ru.DiskO.as/Data/Disk-O.as.mounts/banderas91@mail.ru-mailru/Geek/HW_Python/python_HW/HW_6/chess.py,/Users/antonkonycev/Library/Containers/Mail.Ru.DiskO.as/Data/Disk-O.as.mounts/banderas91@mail.ru-mailru/Geek/HW_Python/python_HW/HW_6,file,965
result_task_2.png,/Users/antonkonycev/Library/Containers/Mail.Ru.DiskO.as/Data/Disk-O.as.mounts/banderas91@mail.ru-mailru/Geek/HW_Python/python_HW/HW_6/result_task_2.png,/Users/antonkonycev/Library/Containers/Mail.Ru.DiskO.as/Data/Disk-O.as.mounts/banderas91@mail.ru-mailru/Geek/HW_Python/python_HW/HW_6,file,84495
task_1_chess.py,/Users/antonkonycev/Library/Containers/Mail.Ru.DiskO.as/Data/Disk-O.as.mounts/banderas91@mail.ru-mailru/Geek/HW_Python/python_HW/HW_6/task_1_chess.py,/Users/antonkonycev/Library/Containers/Mail.Ru.DiskO.as/Data/Disk-O.as.mounts/banderas91@mail.ru-mailru/Geek/HW_Python/python_HW/HW_6,file,142
task_2_chess.py,/Users/antonkonycev/Library/Containers/Mail.Ru.DiskO.as/Data/Disk-O.as.mounts/banderas91@mail.ru-mailru/Geek/HW_Python/python_HW/HW_6/task_2_chess.py,/Users/antonkonycev/Library/Containers/Mail.Ru.DiskO.as/Data/Disk-O.as.mounts/banderas91@mail.ru-mailru/Geek/HW_Python/python_HW/HW_6,file,207
.DS_Store,/Users/antonkonycev/Library/Containers/Mail.Ru.DiskO.as/Data/Disk-O.as.mounts/banderas91@mail.ru-mailru/Geek/HW_Python/python_HW/HW_7/.DS_Store,/Users/antonkonycev/Library/Containers/Mail.Ru.DiskO.as/Data/Disk-O.as.mounts/banderas91@mail.ru-mailru/Geek/HW_Python/python_HW/HW_7,file,6148
primer_new_name_1.json,/Users/antonkonycev/Library/Containers/Mail.Ru.DiskO.as/Data/Disk-O.as.mounts/banderas91@mail.ru-mailru/Geek/HW_Python/python_HW/HW_7/primer_new_name_1.json,/Users/antonkonycev/Library/Containers/Mail.Ru.DiskO.as/Data/Disk-O.as.mounts/banderas91@mail.ru-mailru/Geek/HW_Python/python_HW/HW_7,file,6
task_1.py,/Users/antonkonycev/Library/Containers/Mail.Ru.DiskO.as/Data/Disk-O.as.mounts/banderas91@mail.ru-mailru/Geek/HW_Python/python_HW/HW_7/task_1.py,/Users/antonkonycev/Library/Containers/Mail.Ru.DiskO.as/Data/Disk-O.as.mounts/banderas91@mail.ru-mailru/Geek/HW_Python/python_HW/HW_7,file,1173
task_1.py,/Users/antonkonycev/Library/Containers/Mail.Ru.DiskO.as/Data/Disk-O.as.mounts/banderas91@mail.ru-mailru/Geek/HW_Python/python_HW/HW_8/task_1.py,/Users/antonkonycev/Library/Containers/Mail.Ru.DiskO.as/Data/Disk-O.as.mounts/banderas91@mail.ru-mailru/Geek/HW_Python/python_HW/HW_8,file,1658
